"1",688.4,294.18
"2",695.011764705882,290.158823529412
"3",714.088235294118,272.141176470588
"4",713.21875,273.18125
"5",714.958823529412,270.247058823529
"6",713.976470588235,270.541176470588
"7",713.675,267.5625
"8",713.152941176471,264.588235294118
"9",713.417647058823,262.217647058824
"10",714.83125,259.88125
"11",657.582352941177,267.441176470588
"12",500.488235294118,291.411764705882
"13",479.38125,286.68125
"14",478.211764705882,283.611764705882
"15",480.658823529412,287.870588235294
"16",483.83125,286.59375
"17",493.605882352941,291.958823529412
"18",488.105882352941,290.988235294118
"19",479.41875,288.375
"20",474.652941176471,282.847058823529
"21",473.476470588235,284.329411764706
"22",571.66875,280.15
"23",921.788235294118,280.229411764706
"24",992.929411764706,282.105882352941
"25",991.6,280.48125
"26",990.188235294118,281.841176470588
"27",990.635294117647,281.458823529412
"28",991.79375,280.04375
"29",990.394117647059,279.658823529412
"30",988.058823529412,281.194117647059
"31",986.95625,284.3
"32",988.611764705882,285.947058823529
"33",989.617647058824,288.464705882353
"34",989.6125,288.95625
"35",943.682352941176,279.647058823529
"36",781.005882352941,259.282352941176
"37",757.3,250.70625
"38",756.035294117647,251.2
"39",757.188235294118,254.717647058824
"40",755.825,257.525
"41",757.047058823529,253.952941176471
"42",755.729411764706,252.629411764706
"43",754.95625,258.64375
"44",753.552941176471,253.352941176471
"45",756.205882352941,255.617647058824
"46",757.875,251.24375
"47",754.129411764706,250.511764705882
"48",753.405882352941,248.747058823529
"49",639.24375,259.125
"50",477.482352941176,276.164705882353
"51",462.076470588235,275.117647058824
"52",-999,-999
"53",-999,-999
"54",-999,-999
"55",-999,-999
"56",-999,-999
"57",-999,-999
"58",-999,-999
"59",-999,-999
"60",-999,-999
"61",-999,-999
"62",-999,-999
"63",-999,-999
"64",-999,-999
"65",-999,-999
"66",-999,-999
"67",-999,-999
"68",-999,-999
"69",-999,-999
"70",-999,-999
"71",-999,-999
"72",-999,-999
"73",-999,-999
"74",-999,-999
"75",-999,-999
"76",-999,-999
"77",-999,-999
"78",-999,-999
"79",-999,-999
"80",-999,-999
"81",-999,-999
"82",-999,-999
"83",-999,-999
"84",-999,-999
"85",-999,-999
"86",-999,-999
"87",-999,-999
"88",-999,-999
"89",-999,-999
"90",-999,-999
"91",-999,-999
"92",-999,-999
"93",-999,-999
"94",-999,-999
"95",-999,-999
"96",-999,-999
"97",-999,-999
"98",-999,-999
"99",-999,-999
"100",-999,-999
"101",-999,-999
"102",-999,-999
"103",-999,-999
"104",-999,-999
"105",-999,-999
"106",-999,-999
"107",-999,-999
"108",-999,-999
"109",-999,-999
"110",-999,-999
"111",-999,-999
"112",-999,-999
"113",-999,-999
"114",-999,-999
"115",-999,-999
"116",-999,-999
"117",-999,-999
"118",-999,-999
"119",-999,-999
"120",-999,-999
"121",-999,-999
"122",-999,-999
"123",-999,-999
"124",-999,-999
"125",-999,-999
"126",-999,-999
"127",-999,-999
"128",-999,-999
"129",-999,-999
"130",-999,-999
"131",-999,-999
"132",-999,-999
"133",-999,-999
"134",-999,-999
"135",-999,-999
"136",-999,-999
"137",-999,-999
"138",-999,-999
"139",1051.03333333333,485.74
"140",1007.4,336.741176470588
"141",791.51875,142.175
"142",-999,-999
"143",-999,-999
"144",977.636363636364,240.977777777778
"145",1027.51764705882,256.370588235294
"146",1037.04705882353,265.688235294118
"147",1032.74375,265.90625
"148",1033.01176470588,269
"149",1035.93529411765,262.417647058824
"150",1030.75625,247.6
"151",1017,220.029411764706
"152",1016.16470588235,217.135294117647
"153",1017.2375,216.3375
"154",1017.17058823529,215.4
"155",1023.34705882353,220.411764705882
"156",1063.55,213.575
"157",1075.08235294118,217.323529411765
"158",1082.60588235294,222.264705882353
"159",1093.275,234.7625
"160",1160.75,354.15
"161",-999,-999
"162",1165.28125,274.55
"163",1091.19411764706,168.782352941176
"164",1096.85882352941,174.229411764706
"165",1138.075,231.65
"166",-999,-999
"167",-999,-999
"168",-999,-999
"169",1233.81428571429,445.928571428571
"170",1118.22941176471,307.705882352941
"171",1079.925,282.6625
"172",1120.71333333333,353.188235294118
"173",-999,-999
"174",-999,-999
"175",-999,-999
"176",-999,561.783333333333
"177",1122.4,372.9125
"178",1099.13529411765,341.194117647059
"179",1085.5,342.464705882353
"180",1080.80625,347.60625
"181",1079.54705882353,348.382352941176
"182",1081.69411764706,355.564705882353
"183",1080.35625,360
"184",1079.45294117647,359.905882352941
"185",1084.97058823529,354.347058823529
"186",1089.0625,353.68125
"187",1086.85294117647,354.888235294118
"188",1089.35882352941,348.347058823529
"189",1088.44375,348.075
"190",1097.23529411765,337.141176470588
"191",1100.74117647059,339.870588235294
"192",1100.39375,332.00625
"193",1098.51764705882,329.388235294118
"194",1105.29411764706,324.311764705882
"195",1108.9625,324.8
"196",1105.65294117647,323.441176470588
"197",1108.37142857143,561.082352941177
"198",1057.02307692308,283.472727272727
"199",-999,-999
"200",1047.48571428571,310.490909090909
"201",1128.28125,311.91875
"202",1124.47647058824,299.264705882353
"203",1125.05294117647,297.147058823529
"204",1127.70625,298.55625
"205",1057.71428571429,-999
"206",-999,-999
"207",-999,-999
"208",-999,-999
"209",-999,-999
"210",-999,-999
"211",-999,-999
"212",-999,-999
"213",-999,-999
"214",-999,-999
"215",-999,-999
"216",-999,-999
"217",-999,-999
"218",-999,-999
"219",-999,-999
"220",-999,-999
"221",-999,-999
"222",-999,-999
"223",-999,-999
"224",-999,-999
"225",-999,-999
"226",674.305882352941,270.753333333333
"227",730.188235294118,295.3
"228",737.175,292.08125
"229",722.552941176471,290.752941176471
"230",676.635294117647,298.176470588235
"231",743.45,348.046153846154
"232",-999,-999
"233",-999,-999
"234",-999,-999
"235",-999,-999
"236",-999,-999
"237",-999,-999
"238",-999,-999
"239",-999,-999
"240",-999,-999
"241",-999,-999
"242",-999,-999
"243",-999,-999
"244",-999,-999
"245",-999,-999
"246",-999,-999
"247",-999,-999
"248",-999,-999
"249",-999,-999
"250",-999,-999
"251",-999,-999
"252",-999,-999
"253",-999,-999
"254",-999,-999
"255",-999,-999
"256",-999,-999
"257",-999,-999
"258",-999,-999
"259",-999,-999
"260",-999,-999
"261",-999,-999
"262",-999,-999
"263",-999,-999
"264",-999,-999
"265",-999,-999
"266",434,257.2
"267",438.04375,259.2375
"268",442.770588235294,267.176470588235
"269",447.05,269.54375
"270",452.094117647059,270.217647058824
"271",451.1125,265.44375
"272",441.538888888889,256.455555555556
"273",473.446666666667,307.5875
"274",-999,-999
"275",-999,-999
"276",439.684615384615,237.85
"277",452.329411764706,220.782352941176
"278",350.733333333333,-999
"279",-999,-999
"280",-999,-999
"281",-999,-999
"282",-999,-999
"283",-999,-999
"284",-999,-999
"285",-999,-999
"286",-999,-999
"287",-999,-999
"288",-999,-999
"289",-999,-999
"290",-999,-999
"291",-999,-999
"292",-999,-999
"293",-999,-999
"294",-999,-999
"295",-999,-999
"296",-999,-999
"297",-999,-999
"298",-999,-999
"299",-999,-999
"300",-999,-999
"301",-999,-999
"302",-999,-999
"303",-999,-999
"304",-999,-999
"305",-999,-999
"306",-999,-999
"307",726.758823529412,273.80625
"308",743.09375,293.61875
"309",734.341176470588,307.464705882353
"310",706.735294117647,315.176470588235
"311",709.3125,322.29375
"312",709.1,319.511764705882
"313",710.752941176471,321.4
"314",709.16875,318.66875
"315",705.105882352941,315.670588235294
"316",705.211764705882,311.688235294118
"317",702.01875,313.3
"318",700.788235294118,313.988235294118
"319",698.425,311.06875
"320",668.829411764706,293.088235294118
"321",655.735294117647,282.470588235294
"322",656.005882352941,276.688235294118
"323",656.4,272.3375
"324",657.2,269.447058823529
"325",743.711111111111,342.192307692308
"326",-999,-999
"327",-999,-999
"328",-999,-999
"329",-999,-999
"330",-999,-999
"331",-999,-999
"332",-999,-999
"333",-999,-999
"334",-999,-999
"335",-999,-999
"336",-999,-999
"337",-999,-999
"338",-999,-999
"339",-999,-999
"340",-999,-999
"341",-999,-999
"342",861.3375,308.194117647059
"343",681.388235294118,167.211764705882
"344",681.375,165.41875
"345",679.864705882353,165.694117647059
"346",678.852941176471,162.611764705882
"347",678.26875,165.08125
"348",679.217647058824,162.370588235294
"349",682.082352941177,160.147058823529
"350",709.86875,134.9125
"351",715.111764705882,129.882352941176
"352",715.764705882353,127.717647058824
"353",715.075,125.05
"354",715.494117647059,124.294117647059
"355",712.641176470588,125.323529411765
"356",712.64375,122.13125
"357",714.676470588235,124.358823529412
"358",712.158823529412,123.370588235294
"359",704.6375,124.19375
"360",677.535294117647,125.447058823529
"361",674.047058823529,123.617647058824
"362",676.125,125.43125
"363",673.994117647059,126.017647058824
"364",675.682352941176,127.811764705882
"365",595,113.2375
"366",538.423529411765,105.505882352941
"367",537.470588235294,100.752941176471
"368",538.2125,103.4375
"369",541.417647058823,103.435294117647
"370",542.441176470588,103.041176470588
"371",543.5,104.63125
"372",543.782352941176,105.870588235294
"373",545.217647058824,109.088235294118
"374",470.68125,192.18125
"375",421.970588235294,275.494117647059
"376",417.205882352941,285.217647058824
"377",415.59375,278.91875
"378",420.911764705882,285.864705882353
"379",423.141176470588,285.988235294118
"380",418.4625,281.04375
"381",425.870588235294,289.647058823529
"382",421.529411764706,296.152941176471
"383",422.33125,295.65625
"384",422.729411764706,289.694117647059
"385",423.535294117647,283.494117647059
"386",464.825,278.175
"387",672.576470588235,233.711764705882
"388",702.617647058824,228.211764705882
"389",701.275,225.80625
"390",700.558823529412,226.911764705882
"391",702.370588235294,226.847058823529
"392",701.79375,225.10625
"393",702.705882352941,224.805882352941
"394",701.735294117647,224.341176470588
"395",700.76875,223.60625
"396",698.464705882353,223.064705882353
"397",697.888235294118,221.882352941176
"398",697.875,222.66875
"399",694.376470588235,202.717647058824
"400",683.917647058823,119.317647058824
"401",680.9375,103.68125
"402",683.141176470588,106.382352941176
"403",681.958823529412,104.8
"404",682.7,100.775
"405",684.594117647059,101.323529411765
"406",682.823529411765,101.882352941176
"407",683.1625,105.0125
"408",684.358823529412,103.288235294118
"409",686.435294117647,105.417647058824
"410",684.6625,105.90625
"411",683.817647058824,105.829411764706
"412",684.294117647059,106.511764705882
"413",686.325,104.90625
"414",686.117647058824,103.135294117647
"415",688.841176470588,106.841176470588
"416",689.725,107.74375
"417",690.276470588235,97.0058823529412
"418",692.6,48.7588235294118
"419",692.41875,44.3
"420",692.294117647059,43.9470588235294
"421",693.235294117647,42.2470588235294
"422",693.34375,39.525
"423",691.988235294118,37.3529411764706
"424",693.676470588235,38.5470588235294
"425",693.775,40.5625
"426",691.6,42.4764705882353
"427",689.058823529412,45.1941176470588
"428",691.1375,48.6
"429",691.641176470588,51.0941176470588
"430",693.258823529412,54.6294117647059
"431",692.71875,58.48125
"432",691.347058823529,58.4529411764706
"433",690.623529411765,64.1529411764706
"434",710.7,141.43125
"435",743.888235294118,232
"436",761.288235294118,245.441176470588
"437",770.9,254.6
"438",-999,-999
"439",-999,-999
"440",-999,-999
"441",822.382352941176,269.217647058824
"442",1043.44117647059,294.017647058824
"443",1078.99375,301.84375
"444",1078.34117647059,299.058823529412
"445",1076.6,304.152941176471
"446",1071.8625,307.5125
"447",1074.02941176471,304.341176470588
"448",1074.67647058824,306.735294117647
"449",1074.56875,307.7
"450",1073.17647058824,308.082352941176
"451",1070.95882352941,306.664705882353
"452",1062.10625,302.5875
"453",885.688235294118,236.611764705882
"454",-999,-999
"455",-999,-999
"456",-999,-999
"457",-999,-999
"458",-999,-999
"459",-999,-999
"460",-999,-999
"461",-999,-999
"462",-999,-999
"463",-999,-999
"464",-999,-999
"465",-999,-999
"466",-999,-999
"467",-999,-999
"468",-999,-999
"469",-999,-999
"470",-999,-999
"471",-999,-999
"472",-999,-999
"473",-999,-999
"474",-999,-999
"475",-999,-999
"476",-999,-999
"477",-999,-999
"478",-999,-999
"479",-999,-999
"480",-999,-999
"481",-999,814.383333333333
"482",948.5625,710.030769230769
"483",680.4625,297.3125
"484",648.51875,228.4
"485",598.170588235294,345.358823529412
"486",650.735294117647,225.788235294118
"487",652.39375,221.31875
"488",656.629411764706,220.982352941176
"489",657.641176470588,219.211764705882
"490",655.3625,220.36875
"491",653.064705882353,224.888235294118
"492",637.215384615385,225.008333333333
"493",-999,-999
"494",-999,-999
"495",-999,-999
"496",-999,-999
"497",-999,-999
"498",-999,-999
"499",-999,-999
"500",-999,-999
"501",786.383333333333,402.19
"502",732.91875,197.8
"503",734.364705882353,195.394117647059
"504",739.976470588235,198.711764705882
"505",744.1875,203.4625
"506",751.876470588235,197.941176470588
"507",758.264705882353,196.511764705882
"508",765.7625,196.2875
"509",769.329411764706,199.441176470588
"510",775.770588235294,197.647058823529
"511",780.9125,202.475
"512",785.5,201.582352941176
"513",834,207.2
"514",848.875,210.1875
"515",856.523529411765,209.994117647059
"516",859.558823529412,211.411764705882
"517",865.46875,209.49375
"518",871.005882352941,211.182352941176
"519",874.711764705882,211.311764705882
"520",879.33125,214.66875
"521",878.835294117647,217.911764705882
"522",934.523529411765,248.911764705882
"523",1000.0125,277.39375
"524",1001.54117647059,282.029411764706
"525",1006.44705882353,285.288235294118
"526",1010.38125,279.90625
"527",1002.81764705882,283.8
"528",1001.32352941176,284.888235294118
"529",1001.6625,282.66875
"530",1002.22941176471,282.705882352941
"531",999.7,278.352941176471
"532",1000,278.525
"533",1002.18823529412,281.176470588235
"534",1002.91176470588,277.629411764706
"535",936.01875,257.7125
"536",892.735294117647,244.782352941176
"537",885.729411764706,240.941176470588
"538",885.075,240.63125
"539",887.735294117647,236.882352941176
"540",890.588235294118,240.470588235294
"541",897.0375,240.9375
"542",898.982352941176,244.682352941176
"543",897.341176470588,238.423529411765
"544",899.5875,245.05625
"545",951.945454545454,305.681818181818
"546",-999,-999
"547",-999,-999
"548",-999,-999
"549",-999,-999
"550",-999,-999
"551",-999,-999
"552",-999,-999
"553",-999,-999
"554",-999,-999
"555",-999,-999
"556",-999,-999
"557",-999,-999
"558",-999,-999
"559",1117.31111111111,384.788888888889
"560",1081.89411764706,438.782352941176
"561",1081.13529411765,438.235294117647
"562",1072.28125,453.16875
"563",1067.3,460.217647058824
"564",1064.46470588235,466.658823529412
"565",1014.425,453.58125
"566",702.522222222222,291.577777777778
"567",-999,-999
"568",-999,-999
"569",-999,-999
"570",-999,-999
"571",-999,-999
"572",1147.83333333333,434.15
"573",1055.60588235294,390.117647058824
"574",1018.325,322.91875
"575",1010.34705882353,319.194117647059
"576",1008.68235294118,326.517647058824
"577",1008.6625,333.4
"578",1009.66470588235,341.011764705882
"579",1010.30588235294,348.194117647059
"580",1012.675,350.5125
"581",1011.00588235294,355.035294117647
"582",1012.14705882353,355.958823529412
"583",1013,353.9125
"584",1013.97058823529,353.741176470588
"585",589.572727272727,150.663636363636
"586",-999,-999
"587",-999,-999
"588",619.605882352941,202.906666666667
"589",697.10625,196.1
"590",698.305882352941,192.541176470588
"591",698.758823529412,186.294117647059
"592",701.41875,181.69375
"593",698.976470588235,178.647058823529
"594",662.352941176471,175.129411764706
"595",608.0875,172.26875
"596",602.935294117647,135.017647058824
"597",606.576470588235,137.035294117647
"598",614.30625,182.26875
"599",642,-999
"600",-999,-999
"601",-999,-999
"602",-999,-999
"603",-999,-999
"604",-999,-999
"605",-999,-999
"606",-999,-999
"607",-999,-999
"608",-999,-999
"609",-999,-999
"610",-999,-999
"611",-999,-999
"612",-999,-999
"613",-999,-999
"614",-999,-999
"615",-999,-999
"616",-999,-999
"617",-999,-999
"618",-999,-999
"619",-999,-999
"620",-999,-999
"621",-999,-999
"622",-999,-999
"623",530.588235294118,216.046666666667
"624",441.111764705882,192.570588235294
"625",439.775,195.175
"626",442.482352941176,198.905882352941
"627",552.876470588235,181.470588235294
"628",776.0375,147.95625
"629",798.229411764706,143.705882352941
"630",796.505882352941,145.729411764706
"631",795.04375,145.6625
"632",795.517647058824,147.152941176471
"633",796.088235294118,145
"634",795.175,142.1625
"635",793.635294117647,143.576470588235
"636",794.188235294118,143.958823529412
"637",795.14375,144.94375
"638",793.217647058824,146.823529411765
"639",793.076470588235,146.835294117647
"640",792.475,144.875
"641",793.794117647059,147.452941176471
"642",791.970588235294,145.570588235294
"643",791.65625,146.2625
"644",790.476470588235,144.688235294118
"645",788.435294117647,143.847058823529
"646",755.2875,133.6
"647",734.823529411765,122.552941176471
"648",731.952941176471,124.570588235294
"649",730.08125,125.35625
"650",728.794117647059,125.741176470588
"651",717.229411764706,119.158823529412
"652",664.26875,95.39375
"653",655.617647058824,94.3941176470588
"654",654.082352941177,93.3647058823529
"655",652,92.19375
"656",652.452941176471,89.2294117647059
"657",650.105882352941,90.7470588235294
"658",650.8375,92.4125
"659",649.488235294118,89.1705882352941
"660",650.676470588235,89.5
"661",652.6,93.55
"662",654.8,89.7235294117647
"663",655.423529411765,90.8235294117647
"664",658.5875,91.2875
"665",658.594117647059,92.6941176470588
"666",659.311764705882,91.0176470588235
"667",660.20625,93.925
"668",661.229411764706,92.6882352941176
"669",775.635294117647,170.441176470588
"670",944.98125,294.025
"671",957.823529411765,310.570588235294
"672",957.6875,309.8375
"673",959.294117647059,308.870588235294
"674",959.352941176471,307.270588235294
"675",954.870588235294,303.929411764706
"676",904.6875,263.89375
"677",895.417647058823,254.288235294118
"678",892.13125,253.73125
"679",891.029411764706,254.476470588235
"680",884.488235294118,256.364705882353
"681",881.71875,254.25
"682",880.705882352941,252.329411764706
"683",881.305882352941,249.870588235294
"684",881.95625,247.84375
"685",884.047058823529,247.188235294118
"686",860.888235294118,243.282352941176
"687",677.1375,243.90625
"688",562.641176470588,264.929411764706
"689",561.447058823529,266.682352941176
"690",561.1125,263.8125
"691",561.782352941176,262.523529411765
"692",561.523529411765,263.817647058824
"693",563.69375,265.58125
"694",524.882352941176,261.770588235294
"695",515.235294117647,260.923529411765
"696",515.5,266.90625
"697",514.864705882353,268.117647058824
"698",512.752941176471,263.688235294118
"699",514.45625,268.99375
"700",514.417647058823,270.482352941176
"701",512.470588235294,267.235294117647
"702",514.73125,271.61875
"703",514.688235294118,273.541176470588
"704",513.805882352941,269.952941176471
"705",516.90625,278.36875
"706",517.441176470588,270.552941176471
"707",515.152941176471,270.535294117647
"708",532.873333333333,285.463636363636
"709",-999,-999
"710",545.347058823529,324.011764705882
"711",499.325,273.61875
"712",482.3,274.535294117647
"713",476.411764705882,326.688235294118
"714",474.3875,327.85625
"715",600.605882352941,268.654545454545
"716",486.2,320.852941176471
"717",476.525,329.325
"718",477.488235294118,322.788235294118
"719",479.117647058824,320.105882352941
"720",557.78125,268.35625
"721",671.988235294118,163.023529411765
"722",676.564705882353,150.570588235294
"723",676.89375,152.20625
"724",679.794117647059,152.188235294118
"725",679.894117647059,158.111764705882
"726",681.425,156.1125
"727",681.911764705882,155.523529411765
"728",680.088235294118,158.858823529412
"729",669.5625,100.66875
"730",656.241176470588,42.7647058823529
"731",657.376470588235,40.2823529411765
"732",657.03125,40.73125
"733",655.2,41.8235294117647
"734",657.611764705882,41.0882352941176
"735",656.55,41.275
"736",656.458823529412,42.1588235294118
"737",658.529411764706,45.3588235294118
"738",680.33125,112.2375
"739",716.070588235294,303.005882352941
"740",772.526666666667,354.408333333333
"741",-999,-999
"742",-999,-999
"743",-999,-999
"744",-999,-999
"745",-999,-999
"746",-999,-999
"747",-999,-999
"748",775.6,532.769230769231
"749",695.217647058824,266.794117647059
"750",690.4875,249.98125
"751",687.688235294118,250.5
"752",688.641176470588,247.770588235294
"753",688.675,248.875
"754",687.623529411765,243.652941176471
"755",690.329411764706,243.105882352941
"756",691.65625,232.6875
"757",675.152941176471,141.664705882353
"758",661.176470588235,78.3294117647059
"759",660.84375,75.375
"760",660.682352941176,71.9058823529412
"761",662.094117647059,71.2588235294118
"762",663.45,69.89375
"763",663.047058823529,67.8647058823529
"764",663.141176470588,66.9470588235294
"765",664.5375,67.0125
"766",664.876470588235,69.6470588235294
"767",663.841176470588,72.9294117647059
"768",661.71875,70.28125
"769",660.605882352941,66.6058823529412
"770",662.552941176471,62.0235294117647
"771",662.40625,61.69375
"772",662.670588235294,62.1
"773",662.023529411765,63.4235294117647
"774",662.90625,60.28125
"775",663.870588235294,57.5294117647059
"776",665.217647058824,58.0411764705882
"777",666.11875,59.46875
"778",666.976470588235,59.7823529411765
"779",666.3,59.2764705882353
"780",668.425,62.15625
"781",668.547058823529,66.2411764705882
"782",668.894117647059,68.8588235294118
"783",669.7,68.65
"784",670.470588235294,71.0764705882353
"785",670.058823529412,72.8352941176471
"786",671.16875,74.1
"787",673.147058823529,76.8705882352941
"788",673.311764705882,82.6176470588235
"789",672.73125,86.7125
"790",673.476470588235,87.0882352941177
"791",673.311764705882,87.1588235294118
"792",674.85,90.05625
"793",673.888235294118,89.3117647058824
"794",674.017647058824,88.5352941176471
"795",675.7625,91.28125
"796",676.064705882353,93.0235294117647
"797",673.288235294118,92.0647058823529
"798",674.75,92.39375
"799",675.052941176471,94.2529411764706
"800",684.4,161.735294117647
"801",712.1875,301.35625
"802",720.570588235294,326.1
"803",722.417647058823,327.441176470588
"804",722.7875,324.23125
"805",722.829411764706,326.758823529412
"806",721.652941176471,327.658823529412
"807",723.15625,325.2125
"808",726.394117647059,331.258823529412
"809",726.323529411765,328.364705882353
"810",723.80625,326.2125
"811",719.994117647059,333.247058823529
"812",721.435294117647,329.452941176471
"813",723.31875,330.55
"814",722.176470588235,331.382352941176
"815",720.117647058824,333.105882352941
"816",720.0625,337.28125
"817",722.147058823529,338.688235294118
"818",722.994117647059,332.017647058824
"819",722.7375,333.75
"820",722.682352941176,331.811764705882
"821",723.735294117647,330.452941176471
"822",722.03125,326.79375
"823",719.611764705882,323.558823529412
"824",719.652941176471,322.747058823529
"825",719.3875,324.3
"826",715.164705882353,322.323529411765
"827",700.052941176471,228.488235294118
"828",694.3,199.7625
"829",694.711764705882,193.676470588235
"830",694.529411764706,191.488235294118
"831",692.6375,186.15625
"832",693.723529411765,180.929411764706
"833",694.647058823529,179.588235294118
"834",692.925,179.525
"835",690.9,180.029411764706
"836",693.535294117647,178.652941176471
"837",687.7125,166.99375
"838",677.547058823529,116.123529411765
"839",675.064705882353,110.776470588235
"840",676.325,105.95625
"841",677.352941176471,106.923529411765
"842",676.947058823529,107.452941176471
"843",676.0375,106.60625
"844",676.194117647059,107.229411764706
"845",680.288235294118,107.105882352941
"846",679.99375,105.75625
"847",679.576470588235,105.535294117647
"848",679.052941176471,108.794117647059
"849",678.94375,107.44375
"850",678.023529411765,109.288235294118
"851",678.341176470588,113.070588235294
"852",678.89375,113.68125
"853",679.564705882353,114.394117647059
"854",681.005882352941,114.976470588235
"855",681.26875,116.875
"856",683.788235294118,118.635294117647
"857",683.823529411765,116.729411764706
"858",684.975,118.3875
"859",683.741176470588,128.523529411765
"860",680.941176470588,205.247058823529
"861",685.30625,222.90625
"862",685.688235294118,225.4
"863",686.505882352941,227.617647058824
"864",686.63125,229.3875
"865",684.617647058824,228.8
"866",683.6,223.664705882353
"867",685.53125,227.18125
"868",687.964705882353,227.517647058824
"869",689.525,233.0625
"870",689.235294117647,234.688235294118
"871",688.605882352941,235.641176470588
"872",689.252941176471,231.582352941176
"873",688.4375,233.925
"874",715.888235294118,239.147058823529
"875",799.05,242.725
"876",805.541176470588,242.129411764706
"877",807.935294117647,243.629411764706
"878",807.15625,248.775
"879",805.876470588235,253.152941176471
"880",804.994117647059,260.058823529412
"881",805.23125,268.69375
"882",804.347058823529,271.511764705882
"883",801.211764705882,272.317647058824
"884",799.65625,273.89375
"885",798.152941176471,277.323529411765
"886",797.4,275.335294117647
"887",797.525,270.8625
"888",797.811764705882,273.417647058824
"889",800.235294117647,270.223529411765
"890",800.03125,266.50625
"891",801.176470588235,256.705882352941
"892",797.958823529412,249.782352941176
"893",798.65625,251.1375
"894",798.735294117647,248.676470588235
"895",799.105882352941,247.341176470588
"896",797.4875,247.825
"897",797.694117647059,245.952941176471
"898",796.676470588235,248.3
"899",795.1375,252.31875
"900",726.947058823529,150.6
"901",665.235294117647,55.1352941176471
"902",659.08125,45.25
"903",658.888235294118,47.0470588235294
"904",660.029411764706,52
"905",661.96875,53.13125
"906",658.758823529412,50.3941176470588
"907",660.270588235294,48.6882352941176
"908",659.38125,52.80625
"909",661.217647058824,53.2294117647059
"910",665.770588235294,57.1647058823529
"911",665.05,56.78125
"912",664.635294117647,55.1235294117647
"913",668.335294117647,57.1
"914",669.8875,62.93125
"915",670.158823529412,190.941176470588
"916",703.376470588235,296.411764705882
"917",705.45,304.33125
"918",704.817647058824,302.041176470588
"919",703.364705882353,300.823529411765
"920",705.375,298.95
"921",705.847058823529,298.347058823529
"922",706.735294117647,297.670588235294
"923",704.34375,297.4875
"924",705.047058823529,301.176470588235
"925",709.229411764706,308.835294117647
"926",707.0875,305.825
"927",704.811764705882,309.847058823529
"928",695.852941176471,315.588235294118
"929",689.3125,326.10625
"930",690.776470588235,325.582352941176
"931",688.035294117647,318.829411764706
"932",691.41875,322.8625
"933",686.811764705882,315.911764705882
"934",687.247058823529,313.947058823529
"935",686.3875,312.3125
"936",687.629411764706,305.782352941176
"937",691.335294117647,233.694117647059
"938",692.625,223.89375
"939",689.947058823529,226.423529411765
"940",689.405882352941,222.147058823529
"941",689.76875,218.09375
"942",691.952941176471,215.947058823529
"943",691.835294117647,213.329411764706
"944",689.8375,210.56875
"945",690.958823529412,211.829411764706
"946",689.082352941177,208.588235294118
"947",693.1125,206.725
"948",692,205.235294117647
"949",693.582352941177,204.829411764706
"950",693.675,206.53125
"951",693.758823529412,204.570588235294
"952",693.188235294118,202.423529411765
"953",694.06875,202.375
"954",694.229411764706,200.2
"955",692.411764705882,203.1
"956",691.75625,202.10625
"957",727.405882352941,197.752941176471
"958",815.811764705882,191.817647058824
"959",824.34375,191.525
"960",823.817647058824,188.835294117647
"961",825.376470588235,190.735294117647
"962",826.16875,194.225
"963",827.635294117647,193.311764705882
"964",828.282352941176,193.535294117647
"965",826.7625,193.2625
"966",826.964705882353,191.641176470588
"967",826.129411764706,195.258823529412
"968",857.725,176.96875
"969",890.805882352941,151.088235294118
"970",891.605882352941,146.194117647059
"971",891.04375,146.55625
"972",894.429411764706,143.535294117647
"973",895.729411764706,142.852941176471
"974",899.525,140.34375
"975",899.858823529412,139.282352941176
"976",899.347058823529,144.111764705882
"977",900.43125,142.23125
"978",898.982352941176,144.241176470588
"979",900.682352941177,146.411764705882
"980",903.575,148.13125
"981",905.005882352941,150.888235294118
"982",907.458823529412,152.488235294118
"983",910.28125,152.66875
"984",913.129411764706,153.776470588235
"985",924.582352941177,167.758823529412
"986",957.95625,213.475
"987",964.705882352941,217.270588235294
"988",965.158823529412,217.376470588235
"989",965.91875,218.6625
"990",967.811764705882,220.617647058824
"991",969.811764705882,222.252941176471
"992",971.725,223.60625
"993",972.811764705882,224.552941176471
"994",971.570588235294,226.147058823529
"995",971.46875,227.65
"996",974.188235294118,228.429411764706
"997",975.511764705882,231.382352941176
"998",973.29375,230.60625
"999",974.517647058824,227.523529411765
"1000",978.223529411765,229.135294117647
"1001",980.54375,228.20625
"1002",979.576470588235,230.494117647059
"1003",978.311764705882,229.770588235294
"1004",979.0875,228.8375
"1005",979.552941176471,227.564705882353
"1006",981.541176470588,227.858823529412
"1007",978.8625,229.575
"1008",977.805882352941,225.911764705882
"1009",977.041176470588,229.111764705882
"1010",974.96875,227.15
"1011",972.688235294118,223.623529411765
"1012",946.123529411765,170.541176470588
"1013",944.6,160.05625
"1014",945.682352941176,161.764705882353
"1015",949.447058823529,165.1
"1016",949.9375,161.7
"1017",954.752941176471,163.194117647059
"1018",956.352941176471,163.082352941176
"1019",959.23125,168.0875
"1020",962.247058823529,169.223529411765
"1021",966.376470588235,169.288235294118
"1022",969.48125,172.43125
"1023",970.729411764706,174.623529411765
"1024",973.870588235294,177.741176470588
"1025",976.275,179.66875
"1026",975.770588235294,183.052941176471
"1027",979.023529411765,187.535294117647
"1028",1022.8625,282.76875
"1029",1051.94117647059,357.594117647059
"1030",1055.61764705882,363.082352941176
"1031",1054.75,364.98125
"1032",1058.67058823529,360.617647058824
"1033",1058.39411764706,361.217647058824
"1034",1055.4625,362.675
"1035",1054.54705882353,362.511764705882
"1036",1058.32352941176,360.547058823529
"1037",1062.6625,354.00625
"1038",1062.82352941176,351.811764705882
"1039",1061.04705882353,353.811764705882
"1040",1063.45625,348.94375
"1041",1061.33529411765,358.805882352941
"1042",1057.71764705882,374.605882352941
"1043",1062.25,373.85
"1044",1071.02352941176,367.747058823529
"1045",1072.02941176471,364.594117647059
"1046",1072.98125,364.875
"1047",1071.61176470588,362.341176470588
"1048",1131.08461538462,412.39375
"1049",1239.98333333333,460.2
"1050",1120.13529411765,371.758823529412
"1051",1033.04705882353,277.152941176471
"1052",1017.4375,251.9
"1053",1015.28235294118,250.105882352941
"1054",1016.4,250.182352941176
"1055",1021.625,249.275
"1056",1018.21176470588,248.958823529412
"1057",1020.6,248.6
"1058",1022.00625,248.75625
"1059",1021.16470588235,251.141176470588
"1060",1021.38823529412,249.988235294118
"1061",1021.775,249.43125
"1062",1023.22941176471,250.217647058824
"1063",1018.82352941176,236.370588235294
"1064",1009.26470588235,210.641176470588
"1065",1011.91875,207.025
"1066",1013.09411764706,210.876470588235
"1067",1014.25,207.325
"1068",1015.21176470588,206.870588235294
"1069",1015.71764705882,212.017647058824
"1070",1016.05882352941,210.364705882353
"1071",1016.5125,209.9
"1072",1014.9875,209.39375
"1073",1014.94705882353,208.847058823529
"1074",1014.03529411765,207.158823529412
"1075",1012.11764705882,209.870588235294
"1076",1034.8,293.094117647059
"1077",1059.7125,343.53125
"1078",1059.36470588235,350.241176470588
"1079",1062.04117647059,348.864705882353
"1080",1060.5,348.9375
"1081",1058.11176470588,356.788235294118
"1082",1062.17058823529,357.994117647059
"1083",1061.13125,361.725
"1084",1062.31764705882,362.670588235294
"1085",1063.07647058824,362.923529411765
"1086",1010.175,351.15
"1087",970.2,340.523529411765
"1088",963.241176470588,343.164705882353
"1089",962.05,346.6125
"1090",961.482352941176,347.464705882353
"1091",960.111764705882,348.929411764706
"1092",962.8375,341.01875
"1093",963.0125,340.10625
"1094",965.064705882353,335.435294117647
"1095",964.958823529412,332.717647058824
"1096",964.594117647059,334.317647058824
"1097",964.011764705882,331.776470588235
"1098",962.43125,331.7625
"1099",963.51875,325.81875
"1100",964.976470588235,321.3
"1101",965.770588235294,325.488235294118
"1102",962.61875,333.275
"1103",962.623529411765,333.364705882353
"1104",964.505882352941,329.682352941176
"1105",983.10625,330.35625
"1106",1036.93529411765,315.8
"1107",1038.79411764706,314.8
"1108",1037.55,316.5125
"1109",1040.25882352941,314.182352941176
"1110",1039.05294117647,315.458823529412
"1111",1035.7,320.5625
"1112",1036.69411764706,321.623529411765
"1113",1037,324.735294117647
"1114",1097.72857142857,406.4375
"1115",-999,-999
"1116",-999,-999
"1117",-999,592.681818181818
"1118",1157.61764705882,488.064705882353
"1119",1112.28823529412,404.611764705882
"1120",1107.1125,399.2375
"1121",1107.28823529412,396.641176470588
"1122",1106.75882352941,395.594117647059
"1123",1104.2,402.73125
"1124",1056.91176470588,332.047058823529
"1125",971.864705882353,171.882352941176
"1126",961.03125,145.38125
"1127",958.594117647059,145.3
"1128",956.264705882353,144.082352941176
"1129",936.425,72.525
"1130",923.564705882353,34.1058823529412
"1131",922.817647058824,26.2764705882353
"1132",924.875,26.63125
"1133",926.429411764706,23.9058823529412
"1134",926.564705882353,24.0411764705882
"1135",925.44375,22.21875
"1136",925.505882352941,21.9470588235294
"1137",925.129411764706,17.0176470588235
"1138",928.60625,17.4375
"1139",941.247058823529,34.5058823529412
"1140",941.370588235294,29.8058823529412
"1141",941.49375,29.8375
"1142",942.247058823529,30.2352941176471
"1143",942.429411764706,29.7647058823529
"1144",941.23125,30.70625
"1145",942.8,28.5705882352941
"1146",943.164705882353,25.8764705882353
"1147",943.30625,26.00625
"1148",944.070588235294,28.3882352941176
"1149",942.452941176471,26.7352941176471
"1150",941.2875,26.54375
"1151",942.829411764706,28.2705882352941
"1152",942.211764705882,30.6529411764706
"1153",943.075,32.26875
"1154",941.570588235294,35.2705882352941
"1155",866.358823529412,39.8352941176471
"1156",591.06875,58.13125
"1157",448.794117647059,84.8294117647059
"1158",443.170588235294,87.9764705882353
"1159",443.56875,89.3
"1160",442.505882352941,91.1470588235294
"1161",441.876470588235,90.9529411764706
"1162",440.49375,90.80625
"1163",440.782352941176,90.0764705882353
"1164",442.529411764706,89.8058823529412
"1165",434.21875,110.58125
"1166",419.717647058824,267.1
"1167",446.223529411765,321.017647058824
"1168",443.33125,321.83125
"1169",443.882352941176,321.723529411765
"1170",441.347058823529,317.388235294118
"1171",443.55625,325.90625
"1172",720.041176470588,446.7
"1173",444.735294117647,329.541176470588
"1174",441.40625,319.0375
"1175",447.605882352941,317.788235294118
"1176",450.55625,327.19375
"1177",451.45625,326.975
"1178",470.564705882353,246.835294117647
"1179",480.5,223.517647058824
"1180",483.66875,224.85625
"1181",484.547058823529,222.223529411765
"1182",487.223529411765,221.894117647059
"1183",491.83125,223.08125
"1184",494.8,223.470588235294
"1185",494.752941176471,220.494117647059
"1186",497.675,219.26875
"1187",543.052941176471,217.276470588235
"1188",797.629411764706,209.252941176471
"1189",855.88125,211.525
"1190",857.305882352941,212.452941176471
"1191",858.705882352941,213.976470588235
"1192",858.49375,214.49375
"1193",860.064705882353,212.982352941176
"1194",862,210.317647058824
"1195",860.04375,207.3
"1196",858.317647058824,210.629411764706
"1197",859.5,213.082352941176
"1198",858.30625,216.53125
"1199",859.623529411765,217.041176470588
"1200",860.205882352941,217.294117647059
"1201",857.75625,218.98125
"1202",858.982352941176,220.776470588235
"1203",844.411764705882,206.970588235294
"1204",697.74375,71.85
"1205",627.705882352941,17.2470588235294
"1206",621.441176470588,9.74705882352941
"1207",620.71875,10.3
"1208",622.605882352941,11.1882352941176
"1209",623.747058823529,12.8882352941176
"1210",625.3875,10.375
"1211",625.494117647059,10.8117647058824
"1212",624.241176470588,10.6705882352941
"1213",623.80625,13.3
"1214",626.264705882353,13.1411764705882
"1215",627.052941176471,14.6705882352941
"1216",629.2,16.4647058823529
"1217",633.05625,16.5625
"1218",632.917647058823,17.3058823529412
"1219",633.6875,20.26875
"1220",635.811764705882,20.6235294117647
"1221",635.247058823529,19.7352941176471
"1222",635.717647058824,23.5470588235294
"1223",636.55625,24.8875
"1224",636.217647058824,26.2176470588235
"1225",637.488235294118,24.5588235294118
"1226",639.8875,26.0375
"1227",639.652941176471,27.2882352941176
"1228",641.058823529412,31.3058823529412
"1229",780.0125,137.04375
"1230",884.047058823529,245.7
"1231",892.152941176471,254.823529411765
"1232",891.025,251.36875
"1233",887.229411764706,253.817647058824
"1234",880.641176470588,253.023529411765
"1235",875.76875,251.70625
"1236",874.552941176471,253.423529411765
"1237",874.0375,248.3625
"1238",876.188235294118,252.088235294118
"1239",874.064705882353,252.847058823529
"1240",873.964705882353,249.905882352941
"1241",872.04375,250.90625
"1242",868.317647058824,247.9
"1243",868.429411764706,252.511764705882
"1244",867.35625,256.05
"1245",865.394117647059,254.988235294118
"1246",861.764705882353,254.917647058824
"1247",861.59375,254.28125
"1248",862.270588235294,255.3
"1249",860.494117647059,252.494117647059
"1250",860.05,250.45
"1251",859.229411764706,248.911764705882
"1252",897.325,283.682352941176
"1253",-999,-999
"1254",-999,-999
"1255",-999,-999
"1256",-999,-999
"1257",-999,-999
"1258",-999,-999
"1259",-999,-999
"1260",-999,-999
"1261",-999,-999
"1262",-999,-999
"1263",-999,-999
"1264",-999,-999
"1265",-999,-999
"1266",-999,-999
"1267",-999,-999
"1268",-999,-999
"1269",-999,-999
"1270",-999,-999
"1271",-999,-999
"1272",-999,-999
"1273",815.716666666667,360.111111111111
"1274",681.69375,165.6375
"1275",667.605882352941,143.135294117647
"1276",668.488235294118,143.494117647059
"1277",665.9625,138.48125
"1278",667.547058823529,139.482352941176
"1279",700.158823529412,142.105882352941
"1280",923.7,152.30625
"1281",976.682352941176,158.9
"1282",976.370588235294,160.776470588235
"1283",972.43125,161.69375
"1284",968.9,162.617647058824
"1285",964.147058823529,164.229411764706
"1286",960.53125,165.84375
"1287",957.452941176471,168
"1288",956.55,170.01875
"1289",953.152941176471,174.247058823529
"1290",941.270588235294,195.652941176471
"1291",939.517647058824,204.758823529412
"1292",938.2125,207.625
"1293",938.435294117647,207.835294117647
"1294",940.425,207.5375
"1295",941.217647058824,205.558823529412
"1296",943.288235294118,188.705882352941
"1297",938.65625,165.66875
"1298",936.870588235294,161.947058823529
"1299",935.025,160.825
"1300",933.8,161.523529411765
"1301",935.705882352941,158.358823529412
"1302",936.35,156.525
"1303",936.370588235294,158.735294117647
"1304",933.864705882353,157.958823529412
"1305",934.63125,155.60625
"1306",935.611764705882,154.058823529412
"1307",935.841176470588,157.147058823529
"1308",936.4375,157.2375
"1309",938.858823529412,155.729411764706
"1310",939.488235294118,156.594117647059
"1311",940.4375,157.9875
"1312",940.476470588235,158.529411764706
"1313",940.064705882353,157.941176470588
"1314",939.01875,157.6125
"1315",938.182352941176,159.305882352941
"1316",939.152941176471,156.911764705882
"1317",939.64375,155.34375
"1318",939.041176470588,157.258823529412
"1319",937.576470588235,158.629411764706
"1320",937.875,161.08125
"1321",936.264705882353,159.041176470588
"1322",866.664705882353,154.611764705882
"1323",561.73125,142.175
"1324",416.017647058824,151.823529411765
"1325",411.235294117647,155.258823529412
"1326",410.2375,156.4
"1327",411.294117647059,156.211764705882
"1328",411.435294117647,156.588235294118
"1329",412.1625,154.5875
"1330",412.176470588235,156.429411764706
"1331",411.811764705882,152.911764705882
"1332",413.49375,157.09375
"1333",414.152941176471,156.470588235294
"1334",414.076470588235,156.370588235294
"1335",426.05,159.44375
"1336",588.852941176471,118.076470588235
"1337",636.417647058823,98.2176470588235
"1338",638.9625,98.73125
"1339",638.788235294118,97.1
"1340",640.529411764706,97.0352941176471
"1341",642.14375,97.68125
"1342",643.982352941176,98.0529411764706
"1343",646.894117647059,100.894117647059
"1344",648.45,103.65
"1345",651.976470588235,104.711764705882
"1346",652.052941176471,108.694117647059
"1347",652.175,110.46875
"1348",656.258823529412,113.7
"1349",680.888235294118,141.594117647059
"1350",736.88125,214.3
"1351",744.364705882353,222.852941176471
"1352",745.594117647059,228.752941176471
"1353",748.8625,233.875
"1354",831.1,515.517647058824
"1355",889.928571428571,375.558823529412
"1356",-999,-999
"1357",-999,-999
"1358",774.6,307.047058823529
"1359",752.66875,235.3625
"1360",887.964705882353,313.288235294118
"1361",829.3,360.929411764706
"1362",754.8125,397.9375
"1363",-999,346.95
"1364",-999,-999
"1365",-999,-999
"1366",-999,-999
"1367",-999,-999
"1368",763.282352941176,200.029411764706
"1369",728.63125,180.75625
"1370",726.470588235294,182.158823529412
"1371",727.78125,178.875
"1372",725.952941176471,179.994117647059
"1373",728.841176470588,182.764705882353
"1374",728.5375,184.13125
"1375",727.6,182.452941176471
"1376",726.158823529412,181.894117647059
"1377",726.011764705882,180.247058823529
"1378",764.5625,261.236363636364
"1379",-999,-999
"1380",-999,-999
"1381",-999,-999
"1382",-999,-999
"1383",-999,-999
"1384",-999,-999
"1385",-999,-999
"1386",-999,-999
"1387",-999,-999
"1388",-999,-999
"1389",-999,-999
"1390",-999,-999
"1391",-999,-999
"1392",-999,-999
"1393",718.361538461538,345.75625
"1394",686.747058823529,180.482352941176
"1395",685.823529411765,180.588235294118
"1396",685.75,181.54375
"1397",688.247058823529,182.129411764706
"1398",689.958823529412,183.005882352941
"1399",688.28125,180.61875
"1400",691.788235294118,178.652941176471
"1401",691.770588235294,177.988235294118
"1402",701.7,184.21875
"1403",713.788235294118,187.605882352941
"1404",713.135294117647,196.047058823529
"1405",714.85,197.60625
"1406",714.764705882353,196.588235294118
"1407",715.305882352941,192.176470588235
"1408",711,189.68125
"1409",708.529411764706,188.964705882353
"1410",707.594117647059,186.947058823529
"1411",708.2625,190.23125
"1412",709.941176470588,195.335294117647
"1413",708.258823529412,191.270588235294
"1414",708.83125,181.7125
"1415",708.694117647059,183.517647058824
"1416",708.182352941177,183.005882352941
"1417",702.35,174.2625
"1418",686.723529411765,156.305882352941
"1419",682.629411764706,156.3
"1420",682.39375,153.4
"1421",681.641176470588,154.217647058824
"1422",681.405882352941,152.682352941176
"1423",682.6125,149.05625
"1424",683.270588235294,149.735294117647
"1425",685.564705882353,151.623529411765
"1426",686.44375,148.35
"1427",684.394117647059,149.141176470588
"1428",683.717647058824,143.988235294118
"1429",685.23125,148.31875
"1430",685.035294117647,147.2
"1431",685.247058823529,144.858823529412
"1432",682.7625,143.89375
"1433",684.058823529412,147.558823529412
"1434",685.582352941177,142.5
"1435",685.46875,141.35625
"1436",-999,439.942857142857
"1437",-999,-999
"1438",-999,-999
"1439",-999,-999
"1440",-999,-999
"1441",-999,-999
"1442",-999,-999
"1443",-999,-999
"1444",-999,-999
"1445",-999,-999
"1446",-999,-999
"1447",-999,-999
"1448",-999,-999
"1449",-999,-999
"1450",-999,-999
"1451",-999,-999
"1452",-999,-999
"1453",-999,-999
"1454",-999,-999
"1455",-999,-999
"1456",-999,-999
"1457",-999,-999
"1458",-999,-999
"1459",-999,-999
"1460",-999,-999
"1461",-999,-999
"1462",-999,-999
"1463",813.95,302.65
"1464",724.723529411765,220.258823529412
"1465",687.66875,195.16875
"1466",681.611764705882,192.947058823529
"1467",677.035294117647,188.394117647059
"1468",677.45625,189.49375
"1469",684.882352941176,197.270588235294
"1470",687.388235294118,191.723529411765
"1471",686.5125,184.70625
"1472",690.570588235294,191.317647058824
"1473",692.464705882353,189.282352941176
"1474",693.875,193.225
"1475",692.676470588235,191.070588235294
"1476",691.105882352941,188.423529411765
"1477",693.05625,190.94375
"1478",698.258823529412,190.882352941176
"1479",700.052941176471,189.564705882353
"1480",829.16875,431.83125
"1481",717.8,309.852941176471
"1482",699.625,272.852941176471
"1483",661.20625,158.24375
"1484",662.388235294118,158.058823529412
"1485",659.705882352941,159.282352941176
"1486",660.63125,158.7
"1487",660.564705882353,159.864705882353
"1488",659.635294117647,158.194117647059
"1489",659.2625,159.7875
"1490",657.570588235294,156.258823529412
"1491",655.552941176471,153.023529411765
"1492",654.18125,155.3125
"1493",657.035294117647,155.952941176471
"1494",744.85,264.607692307692
"1495",-999,-999
"1496",-999,-999
"1497",-999,-999
"1498",-999,-999
"1499",-999,-999
"1500",-999,-999
"1501",-999,-999
"1502",-999,-999
"1503",-999,-999
"1504",-999,-999
"1505",-999,-999
"1506",-999,-999
"1507",-999,-999
"1508",-999,-999
"1509",-999,-999
"1510",-999,-999
"1511",-999,-999
"1512",-999,-999
"1513",703.0125,313.441666666667
"1514",654.217647058824,135.358823529412
"1515",652.4125,131.13125
"1516",651.235294117647,132.435294117647
"1517",647.470588235294,133.7
"1518",644.1375,133.18125
"1519",644.147058823529,134.752941176471
"1520",644.9,135.664705882353
"1521",643.51875,134.8375
"1522",642.282352941176,137.164705882353
"1523",640.288235294118,140.123529411765
"1524",642.075,140.53125
"1525",638.523529411765,138.494117647059
"1526",636.04375,133.2125
"1527",635.717647058824,134.176470588235
"1528",635.576470588235,134.082352941176
"1529",636.105882352941,136.735294117647
"1530",637.1875,136.3625
"1531",640.664705882353,133.476470588235
"1532",640.311764705882,134.588235294118
"1533",639.33125,135.04375
"1534",639.294117647059,124.370588235294
"1535",637.2,111.447058823529
"1536",637.35,108.63125
"1537",636.794117647059,103.588235294118
"1538",636.817647058824,100.252941176471
"1539",634.69375,96.86875
"1540",634.064705882353,95.5235294117647
"1541",632.547058823529,95.6764705882353
"1542",638.1625,97.74375
"1543",639.223529411765,99.7823529411765
"1544",638.358823529412,96.8470588235294
"1545",641.23125,103.59375
"1546",645.323529411765,102.852941176471
"1547",647.864705882353,101.317647058824
"1548",644.65625,100.05
"1549",647.917647058823,101.323529411765
"1550",649.282352941176,100.917647058824
"1551",651.175,101.475
"1552",652.282352941176,103.035294117647
"1553",651.6,101.594117647059
"1554",649.10625,101.425
"1555",646.370588235294,100.964705882353
"1556",649.511764705882,102.258823529412
"1557",651.5375,105.225
"1558",652.323529411765,104.282352941176
"1559",655.541176470588,102.5
"1560",659.38125,106.84375
"1561",660.223529411765,109.558823529412
"1562",659.129411764706,105.782352941176
"1563",665.34375,104.9625
"1564",662.794117647059,104.329411764706
"1565",656.547058823529,106.705882352941
"1566",653.63125,114.25625
"1567",939.83125,381.588235294118
"1568",840.385714285714,339.429411764706
"1569",730.933333333333,328.8
"1570",870.7,296.494117647059
"1571",-999,-999
"1572",-999,-999
"1573",-999,-999
"1574",-999,-999
"1575",-999,-999
"1576",-999,-999
"1577",-999,-999
"1578",-999,-999
"1579",-999,-999
"1580",-999,-999
"1581",-999,-999
"1582",-999,-999
"1583",-999,-999
"1584",-999,-999
"1585",-999,-999
"1586",-999,-999
"1587",-999,-999
"1588",-999,-999
"1589",-999,-999
"1590",-999,-999
"1591",-999,-999
"1592",-999,-999
"1593",-999,-999
"1594",-999,-999
"1595",-999,-999
"1596",-999,-999
"1597",-999,-999
"1598",-999,-999
"1599",-999,-999
"1600",-999,-999
"1601",-999,-999
"1602",-999,-999
"1603",-999,-999
"1604",-999,-999
"1605",-999,-999
"1606",-999,-999
"1607",-999,-999
"1608",-999,-999
"1609",-999,-999
"1610",-999,-999
"1611",-999,-999
"1612",-999,-999
"1613",-999,-999
"1614",-999,-999
"1615",-999,-999
"1616",-999,-999
"1617",-999,-999
"1618",-999,-999
"1619",-999,-999
"1620",-999,-999
"1621",-999,-999
"1622",-999,-999
"1623",-999,-999
"1624",-999,-999
"1625",-999,-999
"1626",-999,-999
"1627",-999,-999
"1628",-999,-999
"1629",-999,-999
"1630",-999,-999
"1631",-999,-999
"1632",-999,-999
"1633",-999,-999
"1634",-999,-999
"1635",-999,-999
"1636",-999,-999
"1637",-999,-999
"1638",-999,-999
"1639",-999,-999
"1640",-999,-999
"1641",-999,-999
"1642",-999,-999
"1643",-999,-999
"1644",-999,-999
"1645",-999,-999
"1646",-999,-999
"1647",-999,-999
"1648",-999,-999
"1649",-999,-999
"1650",-999,-999
"1651",-999,-999
"1652",-999,-999
"1653",-999,-999
"1654",-999,-999
"1655",-999,-999
"1656",-999,-999
"1657",-999,-999
"1658",-999,-999
"1659",-999,-999
"1660",-999,-999
"1661",-999,-999
"1662",-999,-999
"1663",-999,-999
"1664",-999,-999
"1665",-999,-999
"1666",-999,-999
"1667",-999,-999
"1668",-999,-999
"1669",-999,-999
"1670",-999,-999
"1671",-999,-999
"1672",-999,-999
"1673",-999,-999
"1674",-999,-999
"1675",-999,-999
"1676",-999,-999
"1677",-999,-999
"1678",-999,-999
"1679",-999,-999
"1680",-999,-999
"1681",-999,-999
"1682",-999,-999
"1683",-999,-999
"1684",-999,-999
"1685",-999,-999
"1686",-999,-999
"1687",-999,-999
"1688",-999,-999
"1689",-999,-999
"1690",-999,-999
"1691",-999,-999
"1692",-999,-999
"1693",-999,-999
"1694",-999,-999
"1695",-999,-999
"1696",-999,-999
"1697",-999,-999
"1698",-999,-999
"1699",-999,-999
"1700",-999,-999
"1701",-999,-999
"1702",-999,-999
"1703",-999,-999
"1704",-999,-999
"1705",-999,-999
"1706",-999,-999
"1707",-999,-999
"1708",-999,-999
"1709",-999,-999
"1710",-999,-999
"1711",-999,-999
"1712",-999,-999
"1713",-999,-999
"1714",-999,-999
"1715",-999,-999
"1716",-999,-999
"1717",-999,-999
"1718",-999,-999
"1719",-999,-999
"1720",-999,-999
"1721",-999,-999
"1722",-999,-999
"1723",-999,-999
"1724",-999,-999
"1725",-999,-999
"1726",-999,-999
"1727",-999,-999
"1728",-999,-999
"1729",-999,-999
"1730",-999,-999
"1731",-999,-999
"1732",-999,-999
"1733",-999,-999
"1734",-999,-999
"1735",-999,-999
"1736",-999,-999
"1737",-999,-999
"1738",-999,-999
"1739",-999,-999
"1740",-999,-999
"1741",-999,-999
"1742",-999,-999
"1743",-999,-999
"1744",1068.8,193.36
"1745",1059.16875,204.05625
"1746",1067.72941176471,331.052941176471
"1747",1058.49411764706,203.6
"1748",1070.17,314.684615384615
"1749",-999,-999
"1750",-999,-999
"1751",-999,-999
"1752",-999,-999
"1753",-999,-999
"1754",-999,-999
"1755",-999,-999
"1756",-999,-999
"1757",-999,-999
"1758",-999,-999
"1759",-999,-999
"1760",-999,-999
"1761",-999,-999
"1762",-999,-999
"1763",-999,-999
"1764",-999,-999
"1765",-999,-999
"1766",-999,-999
"1767",-999,-999
"1768",-999,-999
"1769",-999,-999
"1770",-999,-999
"1771",-999,-999
"1772",-999,-999
"1773",-999,-999
"1774",-999,-999
"1775",-999,-999
"1776",-999,-999
"1777",-999,-999
"1778",-999,-999
"1779",-999,-999
"1780",-999,-999
"1781",-999,-999
"1782",-999,-999
"1783",-999,-999
"1784",-999,-999
"1785",-999,-999
"1786",-999,-999
"1787",-999,-999
"1788",-999,-999
"1789",-999,-999
"1790",-999,-999
"1791",-999,-999
"1792",-999,-999
"1793",-999,-999
"1794",-999,-999
"1795",-999,-999
"1796",-999,-999
"1797",-999,-999
"1798",-999,-999
"1799",-999,-999
"1800",-999,-999
"1801",-999,-999
"1802",-999,-999
"1803",-999,-999
"1804",-999,-999
"1805",-999,-999
"1806",-999,-999
"1807",-999,-999
"1808",-999,-999
"1809",-999,-999
"1810",-999,-999
"1811",-999,-999
"1812",-999,-999
"1813",-999,-999
"1814",-999,-999
"1815",-999,-999
"1816",-999,-999
"1817",-999,-999
"1818",-999,-999
"1819",-999,-999
"1820",-999,-999
"1821",-999,-999
"1822",-999,-999
"1823",-999,-999
"1824",-999,-999
"1825",-999,-999
"1826",-999,-999
"1827",-999,-999
"1828",-999,-999
"1829",-999,-999
"1830",-999,-999
"1831",-999,-999
"1832",-999,-999
"1833",-999,-999
"1834",-999,-999
"1835",-999,-999
"1836",-999,-999
"1837",-999,-999
"1838",-999,-999
"1839",-999,-999
"1840",-999,-999
"1841",-999,-999
"1842",-999,-999
"1843",-999,-999
"1844",-999,-999
"1845",-999,-999
"1846",-999,-999
"1847",-999,-999
"1848",-999,-999
"1849",-999,-999
"1850",-999,-999
"1851",-999,-999
"1852",-999,-999
"1853",-999,-999
"1854",-999,-999
"1855",-999,-999
"1856",-999,-999
"1857",-999,-999
"1858",-999,-999
"1859",-999,-999
"1860",-999,-999
"1861",-999,-999
"1862",-999,-999
"1863",-999,-999
"1864",-999,-999
"1865",-999,-999
"1866",-999,-999
"1867",-999,-999
"1868",-999,-999
"1869",-999,-999
"1870",-999,-999
"1871",-999,-999
"1872",-999,-999
"1873",-999,-999
"1874",-999,-999
"1875",-999,-999
"1876",-999,-999
"1877",-999,-999
"1878",-999,-999
"1879",-999,-999
"1880",-999,-999
"1881",-999,-999
"1882",-999,-999
"1883",-999,-999
"1884",-999,-999
"1885",-999,-999
"1886",-999,-999
"1887",-999,-999
"1888",-999,-999
"1889",-999,-999
"1890",-999,-999
"1891",-999,-999
"1892",-999,-999
"1893",-999,-999
"1894",-999,-999
"1895",-999,-999
"1896",-999,-999
"1897",-999,-999
"1898",-999,-999
"1899",-999,-999
"1900",-999,-999
"1901",-999,-999
"1902",-999,-999
"1903",-999,-999
"1904",-999,-999
"1905",-999,-999
"1906",-999,-999
"1907",-999,-999
"1908",-999,-999
"1909",-999,-999
"1910",-999,-999
"1911",-999,-999
"1912",-999,-999
"1913",-999,-999
"1914",-999,-999
"1915",-999,-999
"1916",-999,-999
"1917",-999,-999
"1918",-999,-999
"1919",-999,-999
"1920",-999,-999
"1921",-999,-999
"1922",-999,-999
"1923",-999,-999
"1924",-999,-999
"1925",-999,-999
"1926",-999,-999
"1927",-999,-999
"1928",-999,-999
"1929",-999,-999
"1930",-999,-999
"1931",-999,-999
"1932",-999,-999
"1933",-999,-999
"1934",-999,-999
"1935",-999,-999
"1936",-999,-999
"1937",-999,-999
"1938",-999,-999
"1939",-999,-999
"1940",-999,-999
"1941",-999,-999
"1942",-999,-999
"1943",-999,-999
"1944",-999,-999
"1945",-999,-999
"1946",-999,-999
"1947",-999,-999
"1948",-999,-999
"1949",-999,-999
"1950",-999,-999
"1951",-999,-999
"1952",-999,-999
"1953",-999,-999
"1954",-999,-999
"1955",-999,-999
"1956",-999,-999
"1957",-999,-999
"1958",-999,-999
"1959",-999,-999
"1960",-999,-999
"1961",-999,-999
"1962",-999,-999
"1963",-999,-999
"1964",-999,-999
"1965",-999,-999
"1966",-999,-999
"1967",-999,-999
"1968",-999,-999
"1969",-999,-999
"1970",-999,-999
"1971",-999,-999
"1972",-999,-999
"1973",-999,-999
"1974",-999,-999
"1975",-999,-999
"1976",-999,-999
"1977",-999,-999
"1978",-999,-999
"1979",-999,-999
"1980",-999,-999
"1981",-999,-999
"1982",-999,-999
"1983",-999,-999
"1984",-999,-999
"1985",-999,-999
"1986",-999,-999
"1987",-999,-999
"1988",-999,-999
"1989",-999,-999
"1990",-999,-999
"1991",-999,-999
"1992",-999,-999
"1993",-999,-999
"1994",-999,-999
"1995",-999,-999
"1996",-999,-999
"1997",-999,-999
"1998",-999,-999
"1999",-999,-999
"2000",-999,-999
"2001",-999,-999
"2002",-999,-999
"2003",-999,-999
"2004",-999,-999
"2005",-999,-999
"2006",-999,-999
"2007",-999,-999
"2008",-999,-999
"2009",-999,-999
"2010",-999,-999
"2011",-999,-999
"2012",-999,-999
"2013",-999,-999
"2014",-999,-999
"2015",-999,-999
"2016",-999,-999
"2017",-999,-999
"2018",-999,-999
"2019",-999,-999
"2020",-999,-999
"2021",-999,-999
"2022",-999,-999
"2023",-999,-999
"2024",-999,-999
"2025",-999,-999
"2026",-999,-999
"2027",-999,-999
"2028",-999,-999
"2029",-999,-999
"2030",-999,-999
"2031",-999,-999
"2032",-999,-999
"2033",-999,-999
"2034",-999,-999
"2035",-999,-999
"2036",-999,-999
"2037",-999,-999
"2038",-999,-999
"2039",-999,-999
"2040",-999,-999
"2041",-999,-999
"2042",-999,-999
"2043",-999,-999
"2044",-999,-999
"2045",-999,-999
"2046",-999,-999
"2047",-999,-999
"2048",-999,-999
"2049",-999,-999
"2050",-999,-999
"2051",-999,-999
"2052",-999,-999
"2053",-999,-999
"2054",-999,-999
"2055",-999,-999
"2056",-999,-999
"2057",-999,-999
"2058",-999,-999
"2059",-999,-999
"2060",-999,-999
"2061",-999,-999
"2062",-999,-999
"2063",-999,-999
"2064",-999,-999
"2065",-999,-999
"2066",-999,-999
"2067",-999,-999
"2068",-999,-999
"2069",-999,-999
"2070",-999,-999
"2071",-999,-999
"2072",-999,-999
"2073",-999,-999
"2074",-999,-999
"2075",-999,-999
"2076",-999,-999
"2077",-999,-999
"2078",-999,-999
"2079",-999,-999
"2080",-999,-999
"2081",-999,-999
"2082",-999,-999
"2083",-999,-999
"2084",-999,-999
"2085",-999,-999
"2086",-999,-999
"2087",-999,-999
"2088",-999,-999
"2089",-999,-999
"2090",-999,-999
"2091",-999,-999
"2092",-999,-999
"2093",-999,-999
"2094",-999,-999
"2095",-999,-999
"2096",-999,-999
"2097",-999,-999
"2098",-999,-999
"2099",-999,-999
"2100",-999,-999
"2101",-999,-999
"2102",-999,-999
"2103",-999,-999
"2104",-999,-999
"2105",-999,-999
"2106",-999,-999
"2107",-999,-999
"2108",-999,-999
"2109",-999,-999
"2110",-999,-999
"2111",-999,-999
"2112",-999,-999
"2113",-999,-999
"2114",-999,-999
"2115",-999,-999
"2116",-999,-999
"2117",-999,-999
"2118",-999,-999
"2119",-999,-999
"2120",-999,-999
"2121",-999,-999
"2122",-999,-999
"2123",-999,-999
"2124",-999,-999
"2125",-999,-999
"2126",-999,-999
"2127",-999,-999
"2128",-999,-999
"2129",-999,-999
"2130",-999,-999
"2131",-999,-999
"2132",-999,-999
"2133",-999,-999
"2134",-999,-999
"2135",-999,-999
"2136",839.363636363636,180
"2137",920.929411764706,124.705882352941
"2138",921.894117647059,127.764705882353
"2139",920.95625,129.575
"2140",920.929411764706,130.758823529412
"2141",919.841176470588,129.094117647059
"2142",919.41875,132.05
"2143",917.541176470588,133.788235294118
"2144",916,135.511764705882
"2145",915.0375,138.15625
"2146",913.252941176471,139.582352941176
"2147",912.223529411765,141
"2148",817.95,111.61875
"2149",680.017647058824,82.7411764705882
"2150",665.423529411765,76.3882352941176
"2151",664.09375,76.21875
"2152",663.241176470588,76.7705882352941
"2153",663.723529411765,74.0470588235294
"2154",666.20625,74.725
"2155",665.682352941176,77.7529411764706
"2156",668.776470588235,78.0588235294118
"2157",667.325,78.45
"2158",699.244444444444,140.653846153846
"2159",-999,-999
"2160",-999,-999
"2161",-999,-999
"2162",-999,-999
"2163",-999,-999
"2164",-999,-999
"2165",-999,-999
"2166",-999,-999
"2167",-999,-999
"2168",-999,-999
"2169",-999,-999
"2170",-999,-999
"2171",-999,-999
"2172",-999,-999
"2173",606.833333333333,64.1
"2174",571.388235294118,37.7235294117647
"2175",566.46875,16.45
"2176",571.547058823529,22.3294117647059
"2177",571.876470588235,27.8882352941176
"2178",572.80625,32.99375
"2179",572.117647058824,36.1176470588235
"2180",575.835294117647,37.0882352941176
"2181",578.51875,37.3875
"2182",577.964705882353,37.3411764705882
"2183",577.329411764706,37.9941176470588
"2184",575.1875,40.50625
"2185",576.423529411765,44.0529411764706
"2186",577.688235294118,45.7058823529412
"2187",578.8875,47.90625
"2188",577.341176470588,49.1411764705882
"2189",578.588235294118,51.8176470588235
"2190",582.30625,57.0625
"2191",584.111764705882,57.7529411764706
"2192",585.535294117647,62.9941176470588
"2193",589.16875,65.19375
"2194",590.341176470588,65.4764705882353
"2195",591.058823529412,69.9176470588235
"2196",594.6125,76.6375
"2197",-999,-999
"2198",-999,-999
"2199",-999,-999
"2200",-999,-999
"2201",-999,-999
"2202",-999,-999
"2203",-999,-999
"2204",-999,-999
"2205",-999,-999
"2206",-999,-999
"2207",-999,-999
"2208",-999,-999
"2209",-999,-999
"2210",-999,-999
"2211",-999,-999
"2212",-999,-999
"2213",-999,-999
"2214",-999,-999
"2215",-999,-999
"2216",-999,-999
"2217",-999,-999
"2218",-999,-999
"2219",-999,-999
"2220",-999,-999
"2221",-999,-999
"2222",-999,-999
"2223",-999,-999
"2224",-999,-999
"2225",-999,-999
"2226",-999,-999
"2227",-999,-999
"2228",-999,-999
"2229",-999,-999
"2230",-999,-999
"2231",-999,-999
"2232",-999,-999
"2233",-999,-999
"2234",-999,-999
"2235",-999,-999
"2236",-999,-999
"2237",-999,-999
"2238",-999,-999
"2239",-999,-999
"2240",-999,-999
"2241",-999,-999
"2242",-999,-999
"2243",-999,-999
"2244",-999,-999
"2245",-999,-999
"2246",-999,-999
"2247",-999,-999
"2248",-999,-999
"2249",-999,-999
"2250",-999,-999
"2251",-999,-999
"2252",-999,-999
"2253",-999,-999
"2254",-999,-999
"2255",-999,-999
"2256",-999,-999
"2257",-999,-999
"2258",-999,-999
"2259",-999,-999
"2260",-999,-999
"2261",-999,-999
"2262",-999,-999
"2263",-999,-999
"2264",-999,-999
"2265",-999,-999
"2266",-999,-999
"2267",-999,-999
"2268",-999,-999
"2269",-999,-999
"2270",-999,-999
"2271",-999,-999
"2272",-999,-999
"2273",-999,-999
"2274",-999,-999
"2275",-999,-999
"2276",-999,-999
"2277",-999,-999
"2278",-999,-999
"2279",-999,-999
"2280",-999,-999
"2281",-999,-999
"2282",-999,-999
"2283",-999,-999
"2284",-999,-999
"2285",-999,-999
"2286",-999,-999
"2287",-999,-999
"2288",-999,-999
"2289",-999,-999
"2290",-999,-999
"2291",-999,-999
"2292",-999,-999
"2293",-999,-999
"2294",-999,-999
"2295",-999,-999
"2296",-999,-999
"2297",-999,-999
"2298",-999,-999
"2299",-999,-999
"2300",-999,-999
"2301",-999,-999
"2302",-999,-999
"2303",-999,-999
"2304",-999,-999
"2305",-999,-999
"2306",-999,-999
"2307",-999,-999
"2308",-999,-999
"2309",-999,-999
"2310",-999,-999
"2311",-999,-999
"2312",-999,-999
"2313",-999,-999
"2314",-999,-999
"2315",-999,-999
"2316",-999,-999
"2317",-999,-999
"2318",-999,-999
"2319",-999,-999
"2320",-999,-999
"2321",-999,-999
"2322",-999,-999
"2323",-999,-999
"2324",-999,-999
"2325",-999,-999
"2326",-999,-999
"2327",-999,-999
"2328",-999,-999
"2329",-999,-999
"2330",-999,-999
"2331",-999,-999
"2332",-999,-999
"2333",-999,-999
"2334",-999,-999
"2335",-999,-999
"2336",-999,-999
"2337",-999,-999
"2338",-999,-999
"2339",-999,-999
"2340",-999,-999
"2341",-999,-999
"2342",-999,-999
"2343",-999,-999
"2344",-999,-999
"2345",-999,-999
"2346",-999,-999
"2347",-999,-999
"2348",-999,-999
"2349",-999,-999
"2350",-999,-999
"2351",-999,826.233333333333
"2352",1136.26470588235,854.305882352941
"2353",1135.07058823529,847.611764705882
"2354",1126.60625,847.75
"2355",1124.9,848.394117647059
"2356",1126.46470588235,847.094117647059
"2357",1122.05625,849.06875
"2358",1120.77647058824,846.241176470588
"2359",1114.74705882353,848.735294117647
"2360",1120.125,855.78125
"2361",1112.24117647059,855.905882352941
"2362",1108.62941176471,857.841176470588
"2363",1115.4875,860.91875
"2364",1117.7,861.929411764706
"2365",790.1625,875.56875
"2366",-999,-999
"2367",-999,-999
"2368",-999,-999
"2369",1126.66923076923,805.423076923077
"2370",1139.90588235294,881.1
"2371",1125.62352941176,883.223529411765
"2372",1114.0375,883.675
"2373",1118.6,883.535294117647
"2374",1124.7,881.994117647059
"2375",1118.1875,882.6875
"2376",1117.15882352941,883.788235294118
"2377",1114.75294117647,885.588235294118
"2378",1123.025,885.48125
"2379",1120.26470588235,889.164705882353
"2380",-999,690.814285714286
"2381",-999,-999
"2382",-999,-999
"2383",-999,-999
"2384",-999,-999
"2385",-999,-999
"2386",-999,-999
"2387",-999,-999
"2388",-999,-999
"2389",-999,-999
"2390",-999,-999
"2391",-999,-999
"2392",-999,-999
"2393",-999,-999
"2394",-999,-999
"2395",-999,-999
"2396",-999,-999
"2397",-999,-999
"2398",-999,-999
"2399",-999,-999
"2400",-999,-999
"2401",-999,-999
"2402",-999,-999
"2403",-999,-999
"2404",-999,-999
"2405",-999,-999
"2406",-999,-999
"2407",-999,-999
"2408",-999,-999
"2409",-999,-999
"2410",-999,-999
"2411",-999,-999
"2412",-999,-999
"2413",-999,-999
"2414",-999,-999
"2415",-999,-999
"2416",-999,-999
"2417",-999,-999
"2418",-999,-999
"2419",-999,-999
"2420",-999,-999
"2421",-999,-999
"2422",-999,-999
"2423",-999,-999
"2424",-999,-999
"2425",-999,-999
"2426",1060.9,428.776923076923
"2427",806.882352941176,274.588235294118
"2428",772.782352941176,241.641176470588
"2429",772.05,253.7125
"2430",771.570588235294,255.376470588235
"2431",772.517647058824,254.423529411765
"2432",776.61875,256.2375
"2433",779.347058823529,256.4
"2434",780.535294117647,254.682352941176
"2435",780.5625,255.4375
"2436",782.370588235294,252.958823529412
"2437",767.088235294118,248.7
"2438",640.33125,226.825
"2439",618.705882352941,222.323529411765
"2440",614.129411764706,221.929411764706
"2441",613.5,221.86875
"2442",613.929411764706,222.447058823529
"2443",611.664705882353,218.088235294118
"2444",614.53125,216.9875
"2445",674.123529411765,242.941176470588
"2446",785.294117647059,287.894117647059
"2447",792.411764705882,291.252941176471
"2448",791.89375,291.925
"2449",795.041176470588,293.341176470588
"2450",793.95625,286.3125
"2451",794.476470588235,290.294117647059
"2452",791.829411764706,286.241176470588
"2453",793.664705882353,288.594117647059
"2454",795.11875,291.21875
"2455",796.576470588235,287.847058823529
"2456",795.125,282.95625
"2457",793.411764705882,284.388235294118
"2458",793.694117647059,282.111764705882
"2459",793.40625,282
"2460",795.788235294118,279.835294117647
"2461",793.923529411765,277.170588235294
"2462",795.882352941176,276.276470588235
"2463",794.5125,280.89375
"2464",794.970588235294,278.264705882353
"2465",791.98125,271.56875
"2466",789.594117647059,273.470588235294
"2467",787.241176470588,272.823529411765
"2468",774.523529411765,272.205882352941
"2469",653.36875,273.05
"2470",631.258823529412,271.911764705882
"2471",629.894117647059,266.341176470588
"2472",631.99375,264.10625
"2473",632.194117647059,266.711764705882
"2474",635.282352941176,269.711764705882
"2475",634.6375,266.35625
"2476",632.747058823529,263.247058823529
"2477",632.105882352941,265.529411764706
"2478",633.85625,267.4375
"2479",632.482352941176,265.4
"2480",631.541176470588,258.129411764706
"2481",631.7,257.23125
"2482",630.347058823529,258.811764705882
"2483",629.229411764706,258.241176470588
"2484",631.1,256.60625
"2485",631.041176470588,257.858823529412
"2486",630.741176470588,261.329411764706
"2487",633.5375,259.16875
"2488",630.776470588235,260.341176470588
"2489",628.711764705882,259.082352941176
"2490",626.625,252.3375
"2491",628.629411764706,256.917647058824
"2492",629.405882352941,255.023529411765
"2493",630.46875,251.91875
"2494",704.958823529412,256.635294117647
"2495",818.517647058824,265.070588235294
"2496",821.4,271.3875
"2497",838.088235294118,293.470588235294
"2498",-999,-999
"2499",-999,-999
"2500",-999,-999
"2501",-999,-999
"2502",-999,-999
"2503",-999,-999
"2504",-999,-999
"2505",-999,-999
"2506",-999,-999
"2507",-999,-999
"2508",-999,-999
"2509",-999,-999
"2510",-999,-999
"2511",-999,-999
"2512",-999,-999
"2513",-999,-999
"2514",-999,-999
"2515",632.40625,319.74375
"2516",617.511764705882,333.441176470588
"2517",617.625,352.55625
"2518",610.988235294118,347.417647058824
"2519",605.929411764706,351.729411764706
"2520",598.9625,350.525
"2521",598.976470588235,357.064705882353
"2522",598.676470588235,362.664705882353
"2523",599.3875,360.5375
"2524",600.223529411765,361.835294117647
"2525",600.8,363.835294117647
"2526",602.00625,354.50625
"2527",602.5,354.223529411765
"2528",602.7,352.1
"2529",601.4125,347.8125
"2530",605.264705882353,348.1
"2531",600.188235294118,349.635294117647
"2532",599.95,346.825
"2533",599.394117647059,346.747058823529
"2534",598.829411764706,347.076470588235
"2535",597.85625,349.1625
"2536",591.635294117647,346.623529411765
"2537",593.611764705882,342.4
"2538",592.28125,345.70625
"2539",580.7375,377.975
"2540",576.327777777778,385.583333333333
"2541",577.26875,387.425
"2542",574.66875,382.71875
"2543",571.755555555556,378.183333333333
"2544",560.14375,370.75
"2545",563.1125,381.0625
"2546",549.552941176471,365.176470588235
"2547",534.347058823529,336.976470588235
"2548",531.15625,331.3625
"2549",541.535294117647,344.488235294118
"2550",543.029411764706,377.247058823529
"2551",544.252,352.552
"2552",521.55,330.3125
"2553",544.816,340.056
"2554",551.352941176471,334.629411764706
"2555",540.5,349.55
"2556",548.823529411765,345.088235294118
"2557",532.976,338.572
"2558",603.241176470588,314.217647058824
"2559",718.28125,206.13125
"2560",727.1,167.464705882353
"2561",727.95,167.2875
"2562",722.704,164.552
"2563",722.711764705882,163.994117647059
"2564",721.041176470588,163.617647058824
"2565",722.475,162.325
"2566",723.892,165.184
"2567",724.270588235294,164.2
"2568",727.68125,161.7875
"2569",727.275,255.190909090909
"2570",-999,-999
"2571",-999,-999
"2572",-999,-999
"2573",889.892307692308,111.481818181818
"2574",931.43125,106.09375
"2575",872.671428571429,-999
"2576",-999,-999
"2577",-999,-999
"2578",-999,-999
"2579",-999,-999
"2580",-999,-999
"2581",-999,-999
"2582",-999,-999
"2583",-999,-999
"2584",-999,-999
"2585",-999,-999
"2586",-999,-999
"2587",-999,-999
"2588",-999,-999
"2589",-999,-999
"2590",-999,-999
"2591",-999,-999
"2592",-999,-999
"2593",-999,-999
"2594",-999,-999
"2595",-999,-999
"2596",-999,-999
"2597",-999,-999
"2598",-999,-999
"2599",-999,-999
"2600",-999,-999
"2601",-999,-999
"2602",-999,-999
"2603",-999,-999
"2604",-999,-999
"2605",-999,-999
"2606",-999,-999
"2607",-999,-999
"2608",-999,-999
"2609",-999,-999
"2610",-999,-999
"2611",-999,-999
"2612",-999,-999
"2613",-999,-999
"2614",-999,-999
"2615",-999,-999
"2616",-999,-999
"2617",-999,-999
"2618",-999,-999
"2619",-999,-999
"2620",-999,-999
"2621",-999,-999
"2622",-999,-999
"2623",-999,-999
"2624",-999,-999
"2625",-999,-999
"2626",-999,-999
"2627",-999,-999
"2628",-999,-999
"2629",-999,-999
"2630",-999,-999
"2631",-999,-999
"2632",-999,-999
"2633",-999,-999
"2634",-999,-999
"2635",-999,-999
"2636",-999,-999
"2637",-999,-999
"2638",-999,-999
"2639",-999,-999
"2640",-999,-999
"2641",-999,-999
"2642",-999,-999
"2643",-999,-999
"2644",-999,-999
"2645",-999,-999
"2646",-999,-999
"2647",-999,-999
"2648",-999,-999
"2649",-999,-999
"2650",-999,-999
"2651",-999,-999
"2652",-999,-999
"2653",-999,-999
"2654",-999,-999
"2655",-999,-999
"2656",-999,-999
"2657",-999,-999
"2658",-999,-999
"2659",-999,-999
"2660",-999,-999
"2661",-999,-999
"2662",-999,-999
"2663",-999,-999
"2664",-999,-999
"2665",-999,-999
"2666",-999,-999
"2667",-999,-999
"2668",-999,-999
"2669",-999,-999
"2670",-999,-999
"2671",-999,-999
"2672",-999,-999
"2673",-999,-999
"2674",-999,-999
"2675",-999,-999
"2676",-999,-999
"2677",-999,-999
"2678",-999,-999
"2679",-999,-999
"2680",-999,-999
"2681",-999,-999
"2682",-999,-999
"2683",-999,-999
"2684",-999,-999
"2685",-999,-999
"2686",-999,-999
"2687",-999,-999
"2688",-999,-999
"2689",-999,-999
"2690",-999,-999
"2691",-999,-999
"2692",-999,-999
"2693",-999,-999
"2694",-999,-999
"2695",-999,-999
"2696",-999,-999
"2697",-999,-999
"2698",-999,-999
"2699",-999,-999
"2700",-999,-999
"2701",-999,-999
"2702",-999,-999
"2703",-999,-999
"2704",-999,-999
"2705",-999,-999
"2706",-999,-999
"2707",-999,-999
"2708",-999,-999
"2709",-999,-999
"2710",-999,-999
"2711",-999,-999
"2712",-999,-999
"2713",-999,-999
"2714",-999,-999
"2715",-999,-999
"2716",-999,-999
"2717",-999,-999
"2718",-999,-999
"2719",-999,-999
"2720",-999,-999
"2721",-999,-999
"2722",-999,-999
"2723",-999,-999
"2724",-999,-999
"2725",-999,-999
"2726",-999,-999
"2727",-999,-999
"2728",-999,-999
"2729",-999,-999
"2730",-999,-999
"2731",-999,-999
"2732",-999,-999
"2733",-999,-999
"2734",-999,-999
"2735",-999,-999
"2736",-999,-999
"2737",-999,-999
"2738",-999,-999
"2739",-999,-999
"2740",-999,-999
"2741",-999,-999
"2742",-999,-999
"2743",-999,-999
"2744",-999,-999
"2745",-999,-999
"2746",-999,-999
"2747",-999,-999
"2748",-999,-999
"2749",-999,-999
"2750",-999,-999
"2751",-999,-999
"2752",-999,-999
"2753",-999,-999
"2754",-999,-999
"2755",-999,-999
"2756",-999,-999
"2757",-999,-999
"2758",-999,-999
"2759",-999,-999
"2760",-999,-999
"2761",-999,-999
"2762",-999,-999
"2763",-999,-999
"2764",-999,-999
"2765",-999,-999
"2766",-999,-999
"2767",-999,-999
"2768",-999,-999
"2769",-999,-999
"2770",-999,-999
"2771",-999,-999
"2772",-999,-999
"2773",-999,-999
"2774",-999,-999
"2775",-999,-999
"2776",-999,-999
"2777",-999,-999
"2778",-999,-999
"2779",-999,-999
"2780",-999,-999
"2781",-999,-999
"2782",-999,-999
"2783",-999,-999
"2784",-999,-999
"2785",-999,-999
"2786",-999,-999
"2787",-999,-999
"2788",-999,-999
"2789",-999,-999
"2790",-999,-999
"2791",-999,-999
"2792",-999,-999
"2793",-999,-999
"2794",-999,-999
"2795",-999,-999
"2796",-999,-999
"2797",-999,-999
"2798",-999,-999
"2799",-999,-999
"2800",-999,-999
"2801",-999,-999
"2802",-999,-999
"2803",-999,-999
"2804",-999,-999
"2805",-999,-999
"2806",-999,-999
"2807",-999,-999
"2808",-999,-999
"2809",-999,-999
"2810",-999,-999
"2811",-999,-999
"2812",-999,-999
"2813",-999,-999
"2814",-999,-999
"2815",-999,-999
"2816",-999,-999
"2817",-999,-999
"2818",-999,-999
"2819",-999,-999
"2820",-999,-999
"2821",-999,-999
"2822",-999,-999
"2823",-999,-999
"2824",-999,-999
"2825",-999,-999
"2826",-999,-999
"2827",-999,-999
"2828",-999,-999
"2829",-999,-999
"2830",-999,-999
"2831",-999,-999
"2832",-999,-999
"2833",-999,-999
"2834",-999,-999
"2835",-999,-999
"2836",-999,-999
"2837",-999,-999
"2838",-999,-999
"2839",-999,-999
"2840",-999,-999
"2841",-999,-999
"2842",-999,-999
"2843",-999,-999
"2844",-999,-999
"2845",-999,-999
"2846",-999,-999
"2847",-999,-999
"2848",-999,-999
"2849",-999,-999
"2850",-999,-999
"2851",-999,-999
"2852",-999,-999
"2853",-999,-999
"2854",-999,-999
"2855",-999,-999
"2856",-999,-999
"2857",-999,-999
"2858",-999,-999
"2859",-999,-999
"2860",-999,-999
"2861",-999,-999
"2862",-999,-999
"2863",-999,-999
"2864",-999,-999
"2865",-999,-999
"2866",-999,-999
"2867",-999,-999
"2868",-999,-999
"2869",-999,-999
"2870",-999,-999
"2871",-999,-999
"2872",-999,-999
"2873",-999,-999
"2874",-999,-999
"2875",-999,-999
"2876",-999,-999
"2877",-999,-999
"2878",-999,-999
"2879",-999,-999
"2880",-999,-999
"2881",-999,-999
"2882",-999,-999
"2883",-999,-999
"2884",-999,-999
"2885",-999,-999
"2886",-999,-999
"2887",-999,-999
"2888",-999,-999
"2889",-999,-999
"2890",-999,-999
"2891",-999,-999
"2892",-999,-999
"2893",-999,-999
"2894",-999,-999
"2895",-999,-999
"2896",-999,-999
"2897",-999,-999
"2898",-999,-999
"2899",-999,-999
"2900",-999,-999
"2901",-999,-999
"2902",-999,-999
"2903",-999,-999
"2904",-999,-999
"2905",-999,-999
"2906",-999,-999
"2907",-999,-999
"2908",-999,-999
"2909",-999,-999
"2910",-999,-999
"2911",-999,-999
"2912",-999,-999
"2913",-999,-999
"2914",-999,-999
"2915",-999,-999
"2916",-999,-999
"2917",-999,-999
"2918",-999,-999
"2919",-999,-999
"2920",-999,-999
"2921",-999,-999
"2922",-999,-999
"2923",-999,-999
"2924",-999,-999
"2925",-999,-999
"2926",-999,-999
"2927",-999,-999
"2928",-999,-999
"2929",-999,-999
"2930",-999,-999
"2931",-999,-999
"2932",-999,-999
"2933",-999,-999
"2934",-999,-999
"2935",-999,-999
"2936",-999,-999
"2937",-999,-999
"2938",-999,-999
"2939",-999,-999
"2940",-999,-999
"2941",-999,-999
"2942",-999,-999
"2943",-999,-999
"2944",-999,-999
"2945",-999,-999
"2946",-999,-999
"2947",-999,-999
"2948",-999,-999
"2949",-999,-999
"2950",-999,-999
"2951",-999,-999
"2952",-999,-999
"2953",-999,-999
"2954",-999,-999
"2955",-999,-999
"2956",-999,-999
"2957",-999,-999
"2958",-999,-999
"2959",-999,-999
"2960",-999,-999
"2961",-999,-999
"2962",-999,-999
"2963",-999,-999
"2964",-999,-999
"2965",-999,-999
"2966",-999,-999
"2967",-999,-999
"2968",-999,-999
"2969",-999,-999
"2970",-999,-999
"2971",-999,-999
"2972",-999,-999
"2973",-999,-999
"2974",-999,-999
"2975",-999,-999
"2976",-999,-999
"2977",-999,-999
"2978",-999,-999
"2979",-999,-999
"2980",-999,-999
"2981",-999,-999
"2982",-999,-999
"2983",-999,-999
"2984",-999,-999
"2985",-999,-999
"2986",-999,-999
"2987",-999,-999
"2988",-999,-999
"2989",-999,-999
"2990",-999,-999
"2991",-999,-999
"2992",-999,-999
"2993",-999,-999
"2994",-999,-999
"2995",-999,-999
"2996",-999,-999
"2997",-999,-999
"2998",-999,-999
"2999",-999,-999
"3000",-999,-999
"3001",-999,-999
"3002",-999,-999
"3003",-999,-999
"3004",-999,660.73
"3005",980.129411764706,559.188235294118
"3006",951.311764705882,617.882352941176
"3007",949.025,643.375
"3008",949.270588235294,649.958823529412
"3009",944.647058823529,644.941176470588
"3010",802.6375,419.875
"3011",655.523529411765,201.082352941176
"3012",635.623529411765,181.388235294118
"3013",631.63125,178.325
"3014",629.070588235294,174.847058823529
"3015",622.347058823529,166.858823529412
"3016",611.65,163.4375
"3017",608.564705882353,156.688235294118
"3018",634.917647058823,200.311764705882
"3019",643.73125,222.03125
"3020",641.223529411765,224.170588235294
"3021",637.823529411765,224.511764705882
"3022",638.29375,219.60625
"3023",639.282352941176,220.482352941176
"3024",638.217647058824,219.958823529412
"3025",639.18125,221.0875
"3026",638.241176470588,216.541176470588
"3027",638.223529411765,211.764705882353
"3028",641.0625,213.675
"3029",643.229411764706,214.952941176471
"3030",644.447058823529,216.952941176471
"3031",630.4625,261.3375
"3032",619.523529411765,405.264705882353
"3033",622.717647058824,422.276470588235
"3034",620.04375,418.16875
"3035",621.817647058823,416.617647058824
"3036",625.411764705882,420.105882352941
"3037",626.28125,422.0375
"3038",630.858823529412,424.776470588235
"3039",635.188235294118,428.505882352941
"3040",634.1,428.10625
"3041",633.747058823529,427.623529411765
"3042",632.988235294118,427.070588235294
"3043",632.45625,424.73125
"3044",476.317647058824,531.023529411765
"3045",384.558823529412,579.835294117647
"3046",379.58125,583.1
"3047",386.752941176471,584.329411764706
"3048",388.4,580.6
"3049",385.0375,578.725
"3050",386.329411764706,577.647058823529
"3051",392.388235294118,580.482352941176
"3052",390.79375,576.61875
"3053",395.088235294118,578.923529411765
"3054",402.976470588235,581.776470588235
"3055",404.3625,582.40625
"3056",402.076470588235,579.494117647059
"3057",401.417647058824,580.788235294118
"3058",453.1375,573.8375
"3059",649.094117647059,511.941176470588
"3060",681.282352941176,497.705882352941
"3061",680.325,495.4875
"3062",681.429411764706,494.211764705882
"3063",677.988235294118,494.652941176471
"3064",677.05,492.93125
"3065",675.858823529412,490.188235294118
"3066",674.847058823529,486.705882352941
"3067",674.9375,487.3875
"3068",676.705882352941,490.847058823529
"3069",679.223529411765,494.535294117647
"3070",680.89375,496.6625
"3071",710.494117647059,500.735294117647
"3072",870.35625,521.8625
"3073",896.447058823529,540.394117647059
"3074",898.288235294118,545.176470588235
"3075",898.23125,544.2875
"3076",896.911764705882,548.076470588235
"3077",899.258823529412,547.529411764706
"3078",898.975,547.36875
"3079",897.541176470588,549.517647058824
"3080",833.223529411765,468.882352941176
"3081",678.54375,264
"3082",660.370588235294,238.023529411765
"3083",662.394117647059,243.541176470588
"3084",661.525,245.25625
"3085",665.994444444444,243.3
"3086",667.5625,242.9625
"3087",670.4625,246.38125
"3088",670.817647058824,244.952941176471
"3089",671.4,245.570588235294
"3090",669.875,248.175
"3091",670.1,247.9
"3092",670.388235294118,251.576470588235
"3093",670.95,247.6625
"3094",669.505882352941,246.141176470588
"3095",671.447058823529,243.547058823529
"3096",671.45625,247.35
"3097",669.752941176471,248.323529411765
"3098",671.629411764706,249.835294117647
"3099",670.8,249.95
"3100",666.782352941176,240.129411764706
"3101",627.317647058824,122.258823529412
"3102",617.7375,84.9375
"3103",618.617647058824,79.6823529411765
"3104",617.035294117647,79.7470588235294
"3105",618.3875,79.50625
"3106",616.529411764706,77.3294117647059
"3107",617.976470588235,73.3235294117647
"3108",616.3,74.55
"3109",616.076470588235,73.9117647058823
"3110",614.317647058824,73.4882352941176
"3111",614.03125,76.11875
"3112",613.735294117647,72.8235294117647
"3113",612.576470588235,74.9882352941176
"3114",612.6875,75.30625
"3115",612.523529411765,78.1411764705882
"3116",640.941176470588,197.664705882353
"3117",664.875,311.55625
"3118",669.764705882353,321.688235294118
"3119",669.917647058823,321.947058823529
"3120",670.81875,320.53125
"3121",669.829411764706,317.8
"3122",670.888235294118,316.870588235294
"3123",669.16875,318.46875
"3124",670.217647058824,293.952941176471
"3125",675.041176470588,134.547058823529
"3126",671.5,105.26875
"3127",670.335294117647,103.682352941176
"3128",670.4,102.258823529412
"3129",669.85,97.975
"3130",670.947058823529,97.7294117647059
"3131",669.494117647059,94.4117647058823
"3132",669.4125,92.4875
"3133",668.576470588235,89.2294117647059
"3134",667.917647058823,88.3235294117647
"3135",667.31875,84.40625
"3136",668.405882352941,81.9176470588235
"3137",666.858823529412,79.0941176470588
"3138",665.44375,79.89375
"3139",662.441176470588,75.9352941176471
"3140",659.464705882353,72.9823529411765
"3141",660.3125,70.54375
"3142",660.947058823529,70.9647058823529
"3143",659.182352941177,70.0235294117647
"3144",655.01875,68.81875
"3145",656.529411764706,69.9117647058823
"3146",655.194117647059,69.3352941176471
"3147",657.28125,70.875
"3148",653.835294117647,69.9352941176471
"3149",656.4,72.2058823529412
"3150",656.24375,74.81875
"3151",656.382352941176,73.3176470588235
"3152",655.964705882353,72.2
"3153",656.9875,76.06875
"3154",657.823529411765,77.8941176470588
"3155",659.770588235294,79.5764705882353
"3156",663.61875,78.08125
"3157",664.670588235294,81.8
"3158",668.052941176471,79.6764705882353
"3159",669.54375,81.23125
"3160",670.935294117647,82.2176470588235
"3161",665.770588235294,104.729411764706
"3162",641.59375,280.71875
"3163",653.135294117647,355.123529411765
"3164",653.494117647059,361.535294117647
"3165",652.55,364.9875
"3166",653.488235294118,368.652941176471
"3167",656.535294117647,370.7
"3168",656.45625,369.63125
"3169",657.617647058824,370.064705882353
"3170",657.111764705882,369.835294117647
"3171",654.675,371.475
"3172",653.752941176471,373.417647058824
"3173",654.452941176471,374.794117647059
"3174",653.79375,374.35625
"3175",653.329411764706,377.841176470588
"3176",654.705882352941,377.252941176471
"3177",655.98125,378.5625
"3178",654.888235294118,377.029411764706
"3179",655.417647058823,377.629411764706
"3180",652.55,373.85625
"3181",649.794117647059,375.635294117647
"3182",653.241176470588,373.794117647059
"3183",654.8125,375.825
"3184",657.988235294118,374.305882352941
"3185",659.676470588235,372.076470588235
"3186",658.59375,371.4875
"3187",698.476470588235,386.005882352941
"3188",888.917647058823,489.823529411765
"3189",943.9625,524.2
"3190",945.358823529412,526.2
"3191",945.964705882353,519.282352941176
"3192",943.2375,521.575
"3193",944.994117647059,519.841176470588
"3194",945.294117647059,517.617647058824
"3195",946.73125,516.9125
"3196",947.288235294118,517.829411764706
"3197",946.752941176471,516.917647058823
"3198",942.15,525.09375
"3199",790.552941176471,524.458823529412
"3200",453.764705882353,565.694117647059
"3201",387.4375,569.19375
"3202",387.188235294118,572.347058823529
"3203",388.823529411765,575.670588235294
"3204",388.05625,571.6
"3205",389.982352941176,569.229411764706
"3206",394.588235294118,573.388235294118
"3207",391.68125,574.8625
"3208",394.352941176471,575.882352941176
"3209",397.058823529412,575.705882352941
"3210",395.1875,577.76875
"3211",400.252941176471,579.452941176471
"3212",440.482352941176,604.952941176471
"3213",446.511764705882,609.429411764706
"3214",446.73125,615.15625
"3215",445.941176470588,610.611764705882
"3216",450.388235294118,610
"3217",449.15625,612.28125
"3218",444.376470588235,608.452941176471
"3219",440.9875,608.125
"3220",445.976470588235,609.364705882353
"3221",443.923529411765,608.529411764706
"3222",443.8125,608.13125
"3223",438.882352941176,607.752941176471
"3224",443.117647058824,605.994117647059
"3225",443.988235294118,604.211764705882
"3226",429.375,479.93125
"3227",412.594117647059,421.788235294118
"3228",412.635294117647,424.976470588235
"3229",411.2375,428.48125
"3230",409.852941176471,426.270588235294
"3231",409.323529411765,422.235294117647
"3232",413.5875,427.29375
"3233",409.358823529412,423.247058823529
"3234",412.2,429.858823529412
"3235",411.39375,424.7125
"3236",410.511764705882,422.647058823529
"3237",410.447058823529,423.235294117647
"3238",410.41875,424.175
"3239",426.017647058824,421.994117647059
"3240",615.176470588235,363.029411764706
"3241",681.20625,340.575
"3242",682.176470588235,340.664705882353
"3243",682.635294117647,342.352941176471
"3244",680.39375,343.0375
"3245",680.7,341.882352941176
"3246",682.123529411765,343.017647058824
"3247",681.2625,338.98125
"3248",681.729411764706,338.041176470588
"3249",678.476470588235,265.794117647059
"3250",671.86875,41.44375
"3251",673.123529411765,6.11764705882353
"3252",672.382352941176,6.47058823529412
"3253",674.775,11.21875
"3254",673.470588235294,9.92352941176471
"3255",672.54375,8
"3256",673.388235294118,8.38823529411765
"3257",673.829411764706,10.6352941176471
"3258",672.617647058824,12.6058823529412
"3259",673.9625,15.66875
"3260",659.752941176471,30.2117647058824
"3261",649.623529411765,59.2117647058824
"3262",650.8375,63.28125
"3263",650.817647058824,63.0647058823529
"3264",650.164705882353,63.5470588235294
"3265",652.4875,65.56875
"3266",652.776470588235,66.8117647058824
"3267",653.1,68.9058823529412
"3268",650.75,68.425
"3269",653.441176470588,69.3294117647059
"3270",652.941176470588,72.2529411764706
"3271",653.125,70.84375
"3272",655.8,110.576470588235
"3273",658.117647058824,135.670588235294
"3274",657.9625,135.625
"3275",657.076470588235,139.211764705882
"3276",656.023529411765,139.805882352941
"3277",656.19375,139.29375
"3278",658.870588235294,142.017647058824
"3279",658.811764705882,143.776470588235
"3280",657.7875,142.6625
"3281",657.417647058823,144.335294117647
"3282",658.941176470588,161.970588235294
"3283",671.05625,313.11875
"3284",679.094117647059,361.876470588235
"3285",677.36875,363.0125
"3286",676.458823529412,360.5
"3287",675.617647058824,363.905882352941
"3288",675.30625,363.8375
"3289",676.658823529412,362.335294117647
"3290",676.170588235294,366.752941176471
"3291",676.9625,364.90625
"3292",678.164705882353,366.982352941176
"3293",676.217647058824,363.947058823529
"3294",677.8875,361.2625
"3295",680.864705882353,365
"3296",677.305882352941,364.211764705882
"3297",677.194117647059,363.782352941176
"3298",676.40625,362.5625
"3299",676.823529411765,365.958823529412
"3300",677.317647058823,361.111764705882
"3301",677.00625,359.24375
"3302",676.46875,358.275
"3303",676.582352941177,362.423529411765
"3304",674.605882352941,348.358823529412
"3305",663.60625,310.35625
"3306",664.411764705882,310.135294117647
"3307",664.864705882353,308.417647058824
"3308",665.21875,306.76875
"3309",663.417647058823,305.6
"3310",665.705882352941,307.288235294118
"3311",668.19375,309.41875
"3312",666.447058823529,307.829411764706
"3313",668.264705882353,307.805882352941
"3314",667.88125,308.65
"3315",667.005882352941,310.535294117647
"3316",666.958823529412,310.741176470588
"3317",668.4,308.6375
"3318",669.076470588235,309.905882352941
"3319",669.117647058824,307.211764705882
"3320",669.60625,309.6875
"3321",669.888235294118,308.970588235294
"3322",670.723529411765,307.229411764706
"3323",670.075,307.0625
"3324",670.023529411765,312.505882352941
"3325",670.247058823529,311.017647058824
"3326",670.56875,309.975
"3327",669.905882352941,312.494117647059
"3328",668.105882352941,309.111764705882
"3329",668.00625,308.375
"3330",667.947058823529,307.364705882353
"3331",666.858823529412,309.752941176471
"3332",665.09375,307.625
"3333",666.441176470588,304.288235294118
"3334",667.417647058823,307.405882352941
"3335",667.68125,310.03125
"3336",668.058823529412,303.717647058824
"3337",665.876470588235,303.935294117647
"3338",666.4,304.2
"3339",666.764705882353,307.411764705882
"3340",666.211764705882,309.188235294118
"3341",664.55625,312.4
"3342",662.482352941176,311.405882352941
"3343",664.276470588235,309.429411764706
"3344",663.941176470588,309.170588235294
"3345",664,310.19375
"3346",661.970588235294,309.882352941176
"3347",662.7125,307.45625
"3348",661.882352941176,308.623529411765
"3349",662.829411764706,309.052941176471
"3350",662.525,308.9375
"3351",660.641176470588,312.417647058824
"3352",658.041176470588,314.429411764706
"3353",657.18125,310.975
"3354",655.823529411765,310.082352941176
"3355",655.9,311.541176470588
"3356",655.988235294118,311.035294117647
"3357",656.55625,313.95625
"3358",655.764705882353,314.788235294118
"3359",654.41875,316.975
"3360",654.611764705882,316.441176470588
"3361",654.023529411765,313.458823529412
"3362",653.33125,312.6375
"3363",654.211764705882,312.529411764706
"3364",654.788235294118,312.688235294118
"3365",653.33125,315.9375
"3366",655.805882352941,310.776470588235
"3367",657.076470588235,312.923529411765
"3368",657.05625,311.25625
"3369",658.205882352941,309.029411764706
"3370",658.064705882353,307.635294117647
"3371",657.847058823529,307.864705882353
"3372",656.8875,309.1875
"3373",657.4,309.088235294118
"3374",659.288235294118,306.164705882353
"3375",659.15625,300.24375
"3376",658.941176470588,297.817647058824
"3377",662.282352941176,287.735294117647
"3378",659.825,279.65
"3379",660.405882352941,274.782352941176
"3380",662.5,274.382352941176
"3381",662.05625,271.45625
"3382",664.035294117647,270.929411764706
"3383",666.005882352941,271.482352941176
"3384",664.40625,266.35
"3385",667.552941176471,266.376470588235
"3386",666.635294117647,267.235294117647
"3387",664.7625,262.0875
"3388",665.988235294118,262.041176470588
"3389",670.894117647059,261.929411764706
"3390",699.8375,256.51875
"3391",714.735294117647,370.247058823529
"3392",709.417647058823,244.958823529412
"3393",677.09375,196.725
"3394",670.570588235294,222.511764705882
"3395",671.182352941176,229.288235294118
"3396",673.2375,226.075
"3397",675.858823529412,228.264705882353
"3398",677.2,227.141176470588
"3399",838.014285714286,512.84
"3400",-999,-999
"3401",-999,-999
"3402",742.4,215.55
"3403",680.670588235294,198.823529411765
"3404",678.717647058824,205.805882352941
"3405",680.2,203.55
"3406",681.629411764706,199.541176470588
"3407",685.011764705882,199.823529411765
"3408",683.51875,202.65
"3409",685.282352941176,205.476470588235
"3410",687.094117647059,200.794117647059
"3411",688.45625,200.7875
"3412",676.570588235294,155.311764705882
"3413",665.676470588235,118.358823529412
"3414",667.00625,117.9875
"3415",668.752941176471,119.605882352941
"3416",672.723529411765,118.682352941176
"3417",671.80625,121.95625
"3418",673.541176470588,120.576470588235
"3419",676.270588235294,121.788235294118
"3420",677.8625,122.1
"3421",681.123529411765,125.770588235294
"3422",679.711764705882,122.7
"3423",679.725,129.7125
"3424",690.323529411765,165.082352941176
"3425",685.870588235294,170.388235294118
"3426",684.98125,169.2625
"3427",685.541176470588,165.723529411765
"3428",682.864705882353,162.905882352941
"3429",682.29375,161.75
"3430",682.988235294118,162.235294117647
"3431",682.629411764706,159.664705882353
"3432",694.41875,156.40625
"3433",720.111764705882,145.347058823529
"3434",717.429411764706,142.076470588235
"3435",716.1625,142.46875
"3436",712.458823529412,142.658823529412
"3437",708.835294117647,139.523529411765
"3438",705.95625,136.59375
"3439",704.458823529412,250.552941176471
"3440",715.094117647059,428.4
"3441",716.56875,449.5625
"3442",716.264705882353,454.252941176471
"3443",713.452941176471,452.141176470588
"3444",714.70625,453.26875
"3445",713.423529411765,449.223529411765
"3446",713.870588235294,449.005882352941
"3447",714.09375,451.24375
"3448",716.8,450.994117647059
"3449",715.694117647059,452.329411764706
"3450",700.89375,335.575
"3451",680.405882352941,127.752941176471
"3452",675.717647058824,109.417647058824
"3453",677.05,109.90625
"3454",680.441176470588,106.129411764706
"3455",684.052941176471,101.523529411765
"3456",683.99375,101
"3457",685.411764705882,100.664705882353
"3458",684.682352941176,102.752941176471
"3459",686.51875,104.875
"3460",687.158823529412,107.688235294118
"3461",680.4625,120.45
"3462",683.058823529412,140.282352941176
"3463",681.252941176471,142.211764705882
"3464",682.664705882353,143.947058823529
"3465",684.5875,146.0125
"3466",685.317647058823,143.241176470588
"3467",685.294117647059,146.511764705882
"3468",686.5625,147.6625
"3469",684.388235294118,142.964705882353
"3470",681.864705882353,143.558823529412
"3471",681.30625,137.85625
"3472",700.952941176471,118.676470588235
"3473",699.641176470588,119.229411764706
"3474",698.41875,118.875
"3475",699.105882352941,122.082352941176
"3476",698.788235294118,126.676470588235
"3477",700.41875,126.63125
"3478",700.370588235294,127.552941176471
"3479",702.3375,125.8
"3480",701.805882352941,125.070588235294
"3481",701.670588235294,127.370588235294
"3482",701.417647058823,128.741176470588
"3483",701.1,128.38125
"3484",700.076470588235,129.147058823529
"3485",699.65625,129.80625
"3486",701.911764705882,130.464705882353
"3487",700.717647058824,134.370588235294
"3488",701.7625,134.1125
"3489",698.447058823529,135.747058823529
"3490",697.311764705882,133.288235294118
"3491",698.125,133.91875
"3492",697.052941176471,138.164705882353
"3493",696.423529411765,141.523529411765
"3494",696.70625,144.0125
"3495",694.870588235294,145.605882352941
"3496",694.147058823529,150.870588235294
"3497",694.50625,156.075
"3498",690.541176470588,157.117647058824
"3499",686.005882352941,162.994117647059
"3500",680.925,170.9
"3501",635.958823529412,216.864705882353
"3502",629.3,232.511764705882
"3503",628.025,235.65625
"3504",628.970588235294,243.070588235294
"3505",626.6,252.117647058824
"3506",628.675,254.7
"3507",628.929411764706,263.064705882353
"3508",629.717647058824,264.017647058824
"3509",630.44375,267.88125
"3510",631.776470588235,270.676470588235
"3511",633.058823529412,273.835294117647
"3512",633.53125,274.0625
"3513",634.441176470588,277.952941176471
"3514",634,278.552941176471
"3515",634.86875,283.46875
"3516",634.376470588235,290.170588235294
"3517",642.047058823529,327.094117647059
"3518",643.24375,342.63125
"3519",641.529411764706,348.764705882353
"3520",639.076470588235,351.611764705882
"3521",637.45625,355.2125
"3522",635.264705882353,361.376470588235
"3523",637.423529411765,364.905882352941
"3524",637.24375,369.3625
"3525",634.994117647059,371.152941176471
"3526",638.058823529412,375.241176470588
"3527",637.1,377.675
"3528",635.064705882353,376.952941176471
"3529",635.052941176471,374.811764705882
"3530",633.41875,379.99375
"3531",652.352941176471,362.023529411765
"3532",756.8,249.847058823529
"3533",767.7,219.7625
"3534",767.870588235294,217.994117647059
"3535",767.682352941176,217.311764705882
"3536",767.23125,218.56875
"3537",768.035294117647,219.605882352941
"3538",767.335294117647,215.229411764706
"3539",768.175,216.4125
"3540",716.9,211.088235294118
"3541",441.605882352941,183.452941176471
"3542",273.1,157.08125
"3543",261.388235294118,150.582352941176
"3544",262.770588235294,152.111764705882
"3545",163.2625,148.8
"3546",83.7294117647059,150.670588235294
"3547",82.2882352941176,151.517647058824
"3548",85.28125,153.5375
"3549",92.1294117647059,155.5
"3550",95.0117647058824,154.441176470588
"3551",101.2,159.0125
"3552",106.288235294118,157.864705882353
"3553",62.4764705882353,296.058823529412
"3554",63.6625,431.59375
"3555",76.5941176470588,442.870588235294
"3556",83.7294117647059,447.364705882353
"3557",81.50625,451.38125
"3558",86.1,456.341176470588
"3559",71.9058823529412,458.558823529412
"3560",39.95625,642.775
"3561",-999,-999
"3562",-999,-999
"3563",-999,-999
"3564",-999,-999
"3565",-999,-999
"3566",-999,-999
"3567",-999,-999
"3568",-999,-999
"3569",-999,-999
"3570",-999,-999
"3571",-999,-999
"3572",-999,-999
"3573",-999,-999
"3574",-999,-999
"3575",-999,-999
"3576",-999,-999
"3577",-999,-999
"3578",-999,-999
"3579",-999,-999
"3580",-999,-999
"3581",-999,-999
"3582",-999,-999
"3583",-999,-999
"3584",-999,-999
"3585",-999,-999
"3586",-999,-999
"3587",-999,-999
"3588",-999,-999
"3589",-999,-999
"3590",-999,-999
"3591",-999,-999
"3592",-999,-999
"3593",-999,-999
"3594",-999,-999
"3595",-999,-999
"3596",-999,-999
"3597",-999,-999
"3598",-999,-999
"3599",-999,-999
"3600",-999,-999
