300,300,300,300,0
300,300,300,300,0
300,300,300,300,0
300,300,300,300,0
300,300,300,300,0
300,300,300,300,0
300,300,300,300,0
300,300,300,300,0
300,300,300,300,0
300,300,300,300,0
300,300,300,300,0
312,166,371,249,1
312.86,167.43,368.86,246,1
313.71,168.86,366.71,243,1
314.57,170.29,364.57,240,1
315.43,171.71,362.43,237,1
316.29,173.14,360.29,234,1
317.14,174.57,358.14,231,1
318,176,356,228,1
318,176,356,228,1
318.09,175.36,356.55,227.91,1
318.18,174.73,357.09,227.82,1
318.27,174.09,357.64,227.73,1
318.36,173.45,358.18,227.64,1
318.45,172.82,358.73,227.55,1
318.55,172.18,359.27,227.45,1
318.64,171.55,359.82,227.36,1
318.73,170.91,360.36,227.27,1
318.82,170.27,360.91,227.18,1
318.91,169.64,361.45,227.09,1
319,169,362,227,1
319,169,362,227,1
318.91,168.36,362.36,226.91,1
318.82,167.73,362.73,226.82,1
318.73,167.09,363.09,226.73,1
318.64,166.45,363.45,226.64,1
318.55,165.82,363.82,226.55,1
318.45,165.18,364.18,226.45,1
318.36,164.55,364.55,226.36,1
318.27,163.91,364.91,226.27,1
318.18,163.27,365.27,226.18,1
318.09,162.64,365.64,226.09,1
318,162,366,226,1
318,162,366,226,1
318.89,161.21,367.26,225.74,1
319.79,160.42,368.53,225.47,1
320.68,159.63,369.79,225.21,1
321.58,158.84,371.05,224.95,1
322.47,158.05,372.32,224.68,1
323.37,157.26,373.58,224.42,1
324.26,156.47,374.84,224.16,1
325.16,155.68,376.11,223.89,1
326.05,154.89,377.37,223.63,1
326.95,154.11,378.63,223.37,1
327.84,153.32,379.89,223.11,1
328.74,152.53,381.16,222.84,1
329.63,151.74,382.42,222.58,1
330.53,150.95,383.68,222.32,1
331.42,150.16,384.95,222.05,1
332.32,149.37,386.21,221.79,1
333.21,148.58,387.47,221.53,1
334.11,147.79,388.74,221.26,1
335,147,390,221,1
335,147,390,221,1
335,146.42,390.21,220.74,1
335,145.84,390.42,220.47,1
335,145.26,390.63,220.21,1
335,144.68,390.84,219.95,1
335,144.11,391.05,219.68,1
335,143.53,391.26,219.42,1
335,142.95,391.47,219.16,1
335,142.37,391.68,218.89,1
335,141.79,391.89,218.63,1
335,141.21,392.11,218.37,1
335,140.63,392.32,218.11,1
335,140.05,392.53,217.84,1
335,139.47,392.74,217.58,1
335,138.89,392.95,217.32,1
335,138.32,393.16,217.05,1
335,137.74,393.37,216.79,1
335,137.16,393.58,216.53,1
335,136.58,393.79,216.26,1
335,136,394,216,1
335,136,394,216,1
335.36,135.73,395.18,216.64,1
335.73,135.45,396.36,217.27,1
336.09,135.18,397.55,217.91,1
336.45,134.91,398.73,218.55,1
336.82,134.64,399.91,219.18,1
337.18,134.36,401.09,219.82,1
337.55,134.09,402.27,220.45,1
337.91,133.82,403.45,221.09,1
338.27,133.55,404.64,221.73,1
338.64,133.27,405.82,222.36,1
339,133,407,223,1
339,133,407,223,1
339,132.86,406.71,222.71,1
339,132.71,406.43,222.43,1
339,132.57,406.14,222.14,1
339,132.43,405.86,221.86,1
339,132.29,405.57,221.57,1
339,132.14,405.29,221.29,1
339,132,405,221,1
339,132,405,221,1
339,132.14,404.86,221,1
339,132.29,404.71,221,1
339,132.43,404.57,221,1
339,132.57,404.43,221,1
339,132.71,404.29,221,1
339,132.86,404.14,221,1
339,133,404,221,1
339,133,404,221,1
337.33,132,402,220,1
335.67,131,400,219,1
334,130,398,218,1
334,130,398,218,1
335.33,128.67,399,216.33,1
336.67,127.33,400,214.67,1
338,126,401,213,1
338,126,401,213,1
351.33,102.67,414.33,189.67,1
364.67,79.333,427.67,166.33,1
378,56,441,143,1
378,56,441,143,1
378.33,56.333,441,143,1
378.67,56.667,441,143,1
379,57,441,143,1
379,57,441,143,0
379.38,57.286,441.24,143.14,0
379.76,57.571,441.48,143.29,0
380.14,57.857,441.71,143.43,0
380.52,58.143,441.95,143.57,0
380.9,58.429,442.19,143.71,0
381.29,58.714,442.43,143.86,0
381.67,59,442.67,144,0
382.05,59.286,442.9,144.14,0
382.43,59.571,443.14,144.29,0
382.81,59.857,443.38,144.43,0
383.19,60.143,443.62,144.57,0
383.57,60.429,443.86,144.71,0
383.95,60.714,444.1,144.86,0
384.33,61,444.33,145,0
384.71,61.286,444.57,145.14,0
385.1,61.571,444.81,145.29,0
385.48,61.857,445.05,145.43,0
385.86,62.143,445.29,145.57,0
386.24,62.429,445.52,145.71,0
386.62,62.714,445.76,145.86,0
387,63,446,146,0
387,63,446,146,1
389.26,62.581,449.09,146.02,1
391.51,62.163,452.19,146.05,1
393.77,61.744,455.28,146.07,1
396.02,61.326,458.37,146.09,1
398.28,60.907,461.47,146.12,1
400.53,60.488,464.56,146.14,1
402.79,60.07,467.65,146.16,1
405.05,59.651,470.74,146.19,1
407.3,59.233,473.84,146.21,1
409.56,58.814,476.93,146.23,1
411.81,58.395,480.02,146.26,1
414.07,57.977,483.12,146.28,1
416.33,57.558,486.21,146.3,1
418.58,57.14,489.3,146.33,1
420.84,56.721,492.4,146.35,1
423.09,56.302,495.49,146.37,1
425.35,55.884,498.58,146.4,1
427.6,55.465,501.67,146.42,1
429.86,55.047,504.77,146.44,1
432.12,54.628,507.86,146.47,1
434.37,54.209,510.95,146.49,1
436.63,53.791,514.05,146.51,1
438.88,53.372,517.14,146.53,1
441.14,52.953,520.23,146.56,1
443.4,52.535,523.33,146.58,1
445.65,52.116,526.42,146.6,1
447.91,51.698,529.51,146.63,1
450.16,51.279,532.6,146.65,1
452.42,50.86,535.7,146.67,1
454.67,50.442,538.79,146.7,1
456.93,50.023,541.88,146.72,1
459.19,49.605,544.98,146.74,1
461.44,49.186,548.07,146.77,1
463.7,48.767,551.16,146.79,1
465.95,48.349,554.26,146.81,1
468.21,47.93,557.35,146.84,1
470.47,47.512,560.44,146.86,1
472.72,47.093,563.53,146.88,1
474.98,46.674,566.63,146.91,1
477.23,46.256,569.72,146.93,1
479.49,45.837,572.81,146.95,1
481.74,45.419,575.91,146.98,1
484,45,579,147,1
484,45,579,147,1
485,44.526,580.47,147.53,1
486,44.053,581.95,148.05,1
487,43.579,583.42,148.58,1
488,43.105,584.89,149.11,1
489,42.632,586.37,149.63,1
490,42.158,587.84,150.16,1
491,41.684,589.32,150.68,1
492,41.211,590.79,151.21,1
493,40.737,592.26,151.74,1
494,40.263,593.74,152.26,1
495,39.789,595.21,152.79,1
496,39.316,596.68,153.32,1
497,38.842,598.16,153.84,1
498,38.368,599.63,154.37,1
499,37.895,601.11,154.89,1
500,37.421,602.58,155.42,1
501,36.947,604.05,155.95,1
502,36.474,605.53,156.47,1
503,36,607,157,1
503,36,607,157,1
504,36.191,608.49,157.51,1
505,36.383,609.98,158.02,1
506,36.574,611.47,158.53,1
507,36.766,612.96,159.04,1
508,36.957,614.45,159.55,1
509,37.149,615.94,160.06,1
510,37.34,617.43,160.57,1
511,37.532,618.91,161.09,1
512,37.723,620.4,161.6,1
513,37.915,621.89,162.11,1
514,38.106,623.38,162.62,1
515,38.298,624.87,163.13,1
516,38.489,626.36,163.64,1
517,38.681,627.85,164.15,1
518,38.872,629.34,164.66,1
519,39.064,630.83,165.17,1
520,39.255,632.32,165.68,1
521,39.447,633.81,166.19,1
522,39.638,635.3,166.7,1
523,39.83,636.79,167.21,1
524,40.021,638.28,167.72,1
525,40.213,639.77,168.23,1
526,40.404,641.26,168.74,1
527,40.596,642.74,169.26,1
528,40.787,644.23,169.77,1
529,40.979,645.72,170.28,1
530,41.17,647.21,170.79,1
531,41.362,648.7,171.3,1
532,41.553,650.19,171.81,1
533,41.745,651.68,172.32,1
534,41.936,653.17,172.83,1
535,42.128,654.66,173.34,1
536,42.319,656.15,173.85,1
537,42.511,657.64,174.36,1
538,42.702,659.13,174.87,1
539,42.894,660.62,175.38,1
540,43.085,662.11,175.89,1
541,43.277,663.6,176.4,1
542,43.468,665.09,176.91,1
543,43.66,666.57,177.43,1
544,43.851,668.06,177.94,1
545,44.043,669.55,178.45,1
546,44.234,671.04,178.96,1
547,44.426,672.53,179.47,1
548,44.617,674.02,179.98,1
549,44.809,675.51,180.49,1
550,45,677,181,1
550,45,677,181,1
547.68,45.526,674.68,181.53,1
545.37,46.053,672.37,182.05,1
543.05,46.579,670.05,182.58,1
540.74,47.105,667.74,183.11,1
538.42,47.632,665.42,183.63,1
536.11,48.158,663.11,184.16,1
533.79,48.684,660.79,184.68,1
531.47,49.211,658.47,185.21,1
529.16,49.737,656.16,185.74,1
526.84,50.263,653.84,186.26,1
524.53,50.789,651.53,186.79,1
522.21,51.316,649.21,187.32,1
519.89,51.842,646.89,187.84,1
517.58,52.368,644.58,188.37,1
515.26,52.895,642.26,188.89,1
512.95,53.421,639.95,189.42,1
510.63,53.947,637.63,189.95,1
508.32,54.474,635.32,190.47,1
506,55,633,191,1
506,55,633,191,1
501.67,57.333,628.67,193.33,1
497.33,59.667,624.33,195.67,1
493,62,620,198,1
493,62,620,198,1
492.05,63.105,619.05,199.11,1
491.11,64.211,618.11,200.21,1
490.16,65.316,617.16,201.32,1
489.21,66.421,616.21,202.42,1
488.26,67.526,615.26,203.53,1
487.32,68.632,614.32,204.63,1
486.37,69.737,613.37,205.74,1
485.42,70.842,612.42,206.84,1
484.47,71.947,611.47,207.95,1
483.53,73.053,610.53,209.05,1
482.58,74.158,609.58,210.16,1
481.63,75.263,608.63,211.26,1
480.68,76.368,607.68,212.37,1
479.74,77.474,606.74,213.47,1
478.79,78.579,605.79,214.58,1
477.84,79.684,604.84,215.68,1
476.89,80.789,603.89,216.79,1
475.95,81.895,602.95,217.89,1
475,83,602,219,1
475,83,602,219,1
475.64,82.273,602.64,218.27,1
476.27,81.545,603.27,217.55,1
476.91,80.818,603.91,216.82,1
477.55,80.091,604.55,216.09,1
478.18,79.364,605.18,215.36,1
478.82,78.636,605.82,214.64,1
479.45,77.909,606.45,213.91,1
480.09,77.182,607.09,213.18,1
480.73,76.455,607.73,212.45,1
481.36,75.727,608.36,211.73,1
482,75,609,211,1
482,75,609,211,1
483,75.286,610.14,211.71,1
484,75.571,611.29,212.43,1
485,75.857,612.43,213.14,1
486,76.143,613.57,213.86,1
487,76.429,614.71,214.57,1
488,76.714,615.86,215.29,1
489,77,617,216,1
489,77,617,216,1
485.83,76.8,614.06,216.2,1
482.66,76.6,611.11,216.4,1
479.49,76.4,608.17,216.6,1
476.31,76.2,605.23,216.8,1
473.14,76,602.29,217,1
469.97,75.8,599.34,217.2,1
466.8,75.6,596.4,217.4,1
463.63,75.4,593.46,217.6,1
460.46,75.2,590.51,217.8,1
457.29,75,587.57,218,1
454.11,74.8,584.63,218.2,1
450.94,74.6,581.69,218.4,1
447.77,74.4,578.74,218.6,1
444.6,74.2,575.8,218.8,1
441.43,74,572.86,219,1
438.26,73.8,569.91,219.2,1
435.09,73.6,566.97,219.4,1
431.91,73.4,564.03,219.6,1
428.74,73.2,561.09,219.8,1
425.57,73,558.14,220,1
422.4,72.8,555.2,220.2,1
419.23,72.6,552.26,220.4,1
416.06,72.4,549.31,220.6,1
412.89,72.2,546.37,220.8,1
409.71,72,543.43,221,1
406.54,71.8,540.49,221.2,1
403.37,71.6,537.54,221.4,1
400.2,71.4,534.6,221.6,1
397.03,71.2,531.66,221.8,1
393.86,71,528.71,222,1
390.69,70.8,525.77,222.2,1
387.51,70.6,522.83,222.4,1
384.34,70.4,519.89,222.6,1
381.17,70.2,516.94,222.8,1
378,70,514,223,1
378,70,514,223,1
373.89,69.684,510.16,223.26,1
369.79,69.368,506.32,223.53,1
365.68,69.053,502.47,223.79,1
361.58,68.737,498.63,224.05,1
357.47,68.421,494.79,224.32,1
353.37,68.105,490.95,224.58,1
349.26,67.789,487.11,224.84,1
345.16,67.474,483.26,225.11,1
341.05,67.158,479.42,225.37,1
336.95,66.842,475.58,225.63,1
332.84,66.526,471.74,225.89,1
328.74,66.211,467.89,226.16,1
324.63,65.895,464.05,226.42,1
320.53,65.579,460.21,226.68,1
316.42,65.263,456.37,226.95,1
312.32,64.947,452.53,227.21,1
308.21,64.632,448.68,227.47,1
304.11,64.316,444.84,227.74,1
300,64,441,228,1
300,64,441,228,1
291.8,64.133,433.13,228.67,1
283.6,64.267,425.27,229.33,1
275.4,64.4,417.4,230,1
267.2,64.533,409.53,230.67,1
259,64.667,401.67,231.33,1
250.8,64.8,393.8,232,1
242.6,64.933,385.93,232.67,1
234.4,65.067,378.07,233.33,1
226.2,65.2,370.2,234,1
218,65.333,362.33,234.67,1
209.8,65.467,354.47,235.33,1
201.6,65.6,346.6,236,1
193.4,65.733,338.73,236.67,1
185.2,65.867,330.87,237.33,1
177,66,323,238,1
177,66,323,238,1
171.29,69.714,317.57,242.29,1
165.57,73.429,312.14,246.57,1
159.86,77.143,306.71,250.86,1
154.14,80.857,301.29,255.14,1
148.43,84.571,295.86,259.43,1
142.71,88.286,290.43,263.71,1
137,92,285,268,1
137,92,285,268,1
147.43,85.429,295.43,261.43,1
157.86,78.857,305.86,254.86,1
168.29,72.286,316.29,248.29,1
178.71,65.714,326.71,241.71,1
189.14,59.143,337.14,235.14,1
199.57,52.571,347.57,228.57,1
210,46,358,222,1
210,46,358,222,1
222.45,46.727,370.45,222.73,1
234.91,47.455,382.91,223.45,1
247.36,48.182,395.36,224.18,1
259.82,48.909,407.82,224.91,1
272.27,49.636,420.27,225.64,1
284.73,50.364,432.73,226.36,1
297.18,51.091,445.18,227.09,1
309.64,51.818,457.64,227.82,1
322.09,52.545,470.09,228.55,1
334.55,53.273,482.55,229.27,1
347,54,495,230,1
347,54,495,230,1
351.67,50.667,499.67,226.67,1
356.33,47.333,504.33,223.33,1
361,44,509,220,1
361,44,509,220,1
356.29,45.286,504.29,221.29,1
351.57,46.571,499.57,222.57,1
346.86,47.857,494.86,223.86,1
342.14,49.143,490.14,225.14,1
337.43,50.429,485.43,226.43,1
332.71,51.714,480.71,227.71,1
328,53,476,229,1
328,53,476,229,1
313,49.333,461,225.33,1
298,45.667,446,221.67,1
283,42,431,218,1
283,42,431,218,1
267,40,415,216,1
251,38,399,214,1
235,36,383,212,1
235,36,383,212,1
228.33,41,376.33,217,1
221.67,46,369.67,222,1
215,51,363,227,1
215,51,363,227,1
205.33,53.667,353.33,229.67,1
195.67,56.333,343.67,232.33,1
186,59,334,235,1
186,59,334,235,1
188.57,58.478,336.57,234.48,1
191.13,57.957,339.13,233.96,1
193.7,57.435,341.7,233.43,1
196.26,56.913,344.26,232.91,1
198.83,56.391,346.83,232.39,1
201.39,55.87,349.39,231.87,1
203.96,55.348,351.96,231.35,1
206.52,54.826,354.52,230.83,1
209.09,54.304,357.09,230.3,1
211.65,53.783,359.65,229.78,1
214.22,53.261,362.22,229.26,1
216.78,52.739,364.78,228.74,1
219.35,52.217,367.35,228.22,1
221.91,51.696,369.91,227.7,1
224.48,51.174,372.48,227.17,1
227.04,50.652,375.04,226.65,1
229.61,50.13,377.61,226.13,1
232.17,49.609,380.17,225.61,1
234.74,49.087,382.74,225.09,1
237.3,48.565,385.3,224.57,1
239.87,48.043,387.87,224.04,1
242.43,47.522,390.43,223.52,1
245,47,393,223,1
245,47,393,223,1
248.57,50.714,400.43,229.57,1
252.14,54.429,407.86,236.14,1
255.71,58.143,415.29,242.71,1
259.29,61.857,422.71,249.29,1
262.86,65.571,430.14,255.86,1
266.43,69.286,437.57,262.43,1
270,73,445,269,1
270,73,445,269,1
273.67,73.333,448.67,269.33,1
277.33,73.667,452.33,269.67,1
281,74,456,270,1
281,74,456,270,1
285,71.429,460,267.43,1
289,68.857,464,264.86,1
293,66.286,468,262.29,1
297,63.714,472,259.71,1
301,61.143,476,257.14,1
305,58.571,480,254.57,1
309,56,484,252,1
309,56,484,252,1
310.33,59.333,485.33,255.33,1
311.67,62.667,486.67,258.67,1
313,66,488,262,1
313,66,488,262,1
315,70.667,490,266.67,1
317,75.333,492,271.33,1
319,80,494,276,1
319,80,494,276,1
315.67,77.333,490.67,273.33,1
312.33,74.667,487.33,270.67,1
309,72,484,268,1
309,72,484,268,1
305.29,72.857,480.29,268.86,1
301.57,73.714,476.57,269.71,1
297.86,74.571,472.86,270.57,1
294.14,75.429,469.14,271.43,1
290.43,76.286,465.43,272.29,1
286.71,77.143,461.71,273.14,1
283,78,458,274,1
283,78,458,274,1
274.67,78,449.67,274,1
266.33,78,441.33,274,1
258,78,433,274,1
258,78,433,274,1
256.33,73.333,431.33,269.33,1
254.67,68.667,429.67,264.67,1
253,64,428,260,1
253,64,428,260,1
250.67,60.667,425.67,256.67,1
248.33,57.333,423.33,253.33,1
246,54,421,250,1
246,54,421,250,1
243,58.333,418,254.33,1
240,62.667,415,258.67,1
237,67,412,263,1
237,67,412,263,1
233,71.667,408,267.67,1
229,76.333,404,272.33,1
225,81,400,277,1
225,81,400,277,1
228,78.667,403,274.67,1
231,76.333,406,272.33,1
234,74,409,270,1
234,74,409,270,1
235.67,71,410.67,267,1
237.33,68,412.33,264,1
239,65,414,261,1
239,65,414,261,1
242,65.667,417,261.67,1
245,66.333,420,262.33,1
248,67,423,263,1
248,67,423,263,1
255.67,76.333,430.67,272.33,1
263.33,85.667,438.33,281.67,1
271,95,446,291,1
271,95,446,291,1
281,92.333,456,288.33,1
291,89.667,466,285.67,1
301,87,476,283,1
301,87,476,283,1
307,82.667,482,278.67,1
313,78.333,488,274.33,1
319,74,494,270,1
319,74,494,270,1
326.67,78.667,501.67,274.67,1
334.33,83.333,509.33,279.33,1
342,88,517,284,1
342,88,517,284,1
343.33,95.333,518.33,291.33,1
344.67,102.67,519.67,298.67,1
346,110,521,306,1
346,110,521,306,1
343.67,101.33,518.67,297.33,1
341.33,92.667,516.33,288.67,1
339,84,514,280,1
339,84,514,280,1
337,81.333,512,277.33,1
335,78.667,510,274.67,1
333,76,508,272,1
333,76,508,272,1
330.67,84.667,505.67,280.67,1
328.33,93.333,503.33,289.33,1
326,102,501,298,1
326,102,501,298,1
332,110.33,507,306.33,1
338,118.67,513,314.67,1
344,127,519,323,1
344,127,519,323,1
340.67,121.67,515.67,317.67,1
337.33,116.33,512.33,312.33,1
334,111,509,307,1
334,111,509,307,1
335,106.33,510,302.33,1
336,101.67,511,297.67,1
337,97,512,293,1
337,97,512,293,1
336.67,96,511.67,292,1
336.33,95,511.33,291,1
336,94,511,290,1
336,94,511,290,1
336.67,99.667,511.67,295.67,1
337.33,105.33,512.33,301.33,1
338,111,513,307,1
338,111,513,307,1
329,100.33,504,296.33,1
320,89.667,495,285.67,1
311,79,486,275,1
311,79,486,275,1
304,74.667,479,270.67,1
297,70.333,472,266.33,1
290,66,465,262,1
290,66,465,262,1
282.67,64.333,457.67,260.33,1
275.33,62.667,450.33,258.67,1
268,61,443,257,1
268,61,443,257,1
258.33,68,433.33,264,1
248.67,75,423.67,271,1
239,82,414,278,1
239,82,414,278,1
237,80.667,412,276.67,1
235,79.333,410,275.33,1
233,78,408,274,1
233,78,408,274,1
227,71.333,402,267.33,1
221,64.667,396,260.67,1
215,58,390,254,1
215,58,390,254,1
215,60.333,390,256.33,1
215,62.667,390,258.67,1
215,65,390,261,1
215,65,390,261,1
212.33,71.667,387.33,267.67,1
209.67,78.333,384.67,274.33,1
207,85,382,281,1
207,85,382,281,1
203.33,81,378.33,277,1
199.67,77,374.67,273,1
196,73,371,269,1
196,73,371,269,1
195.96,73.217,370.96,269.22,1
195.91,73.435,370.91,269.43,1
195.87,73.652,370.87,269.65,1
195.83,73.87,370.83,269.87,1
195.78,74.087,370.78,270.09,1
195.74,74.304,370.74,270.3,1
195.7,74.522,370.7,270.52,1
195.65,74.739,370.65,270.74,1
195.61,74.957,370.61,270.96,1
195.57,75.174,370.57,271.17,1
195.52,75.391,370.52,271.39,1
195.48,75.609,370.48,271.61,1
195.43,75.826,370.43,271.83,1
195.39,76.043,370.39,272.04,1
195.35,76.261,370.35,272.26,1
195.3,76.478,370.3,272.48,1
195.26,76.696,370.26,272.7,1
195.22,76.913,370.22,272.91,1
195.17,77.13,370.17,273.13,1
195.13,77.348,370.13,273.35,1
195.09,77.565,370.09,273.57,1
195.04,77.783,370.04,273.78,1
195,78,370,274,1
195,78,370,274,1
191.9,75.8,366.9,271.8,1
188.8,73.6,363.8,269.6,1
185.7,71.4,360.7,267.4,1
182.6,69.2,357.6,265.2,1
179.5,67,354.5,263,1
176.4,64.8,351.4,260.8,1
173.3,62.6,348.3,258.6,1
170.2,60.4,345.2,256.4,1
167.1,58.2,342.1,254.2,1
164,56,339,252,1
164,56,339,252,1
162.14,60.571,337.14,256.57,1
160.29,65.143,335.29,261.14,1
158.43,69.714,333.43,265.71,1
156.57,74.286,331.57,270.29,1
154.71,78.857,329.71,274.86,1
152.86,83.429,327.86,279.43,1
151,88,326,284,1
151,88,326,284,1
153.86,84.143,328.86,280.14,1
156.71,80.286,331.71,276.29,1
159.57,76.429,334.57,272.43,1
162.43,72.571,337.43,268.57,1
165.29,68.714,340.29,264.71,1
168.14,64.857,343.14,260.86,1
171,61,346,257,1
171,61,346,257,1
172.33,60,347.33,256,1
173.67,59,348.67,255,1
175,58,350,254,1
175,58,350,254,1
183.33,63.667,358.33,259.67,1
191.67,69.333,366.67,265.33,1
200,75,375,271,1
200,75,375,271,1
200,73,375,269,1
200,71,375,267,1
200,69,375,265,1
200,69,375,265,1
199.71,66.857,374.71,262.86,1
199.43,64.714,374.43,260.71,1
199.14,62.571,374.14,258.57,1
198.86,60.429,373.86,256.43,1
198.57,58.286,373.57,254.29,1
198.29,56.143,373.29,252.14,1
198,54,373,250,1
198,54,373,250,1
197.67,58.333,372.67,254.33,1
197.33,62.667,372.33,258.67,1
197,67,372,263,1
197,67,372,263,1
194.67,66.333,369.67,262.33,1
192.33,65.667,367.33,261.67,1
190,65,365,261,1
190,65,365,261,1
192.33,65.333,362.33,259.33,1
194.67,65.667,359.67,257.67,1
197,66,357,256,1
197,66,357,256,1
199.33,61.333,359.33,251.33,1
201.67,56.667,361.67,246.67,1
204,52,364,242,1
204,52,364,242,1
211.33,55,371.33,245,1
218.67,58,378.67,248,1
226,61,386,251,1
226,61,386,251,1
229,66,389,256,1
232,71,392,261,1
235,76,395,266,1
235,76,395,266,1
235,71,395,261,1
235,66,395,256,1
235,61,395,251,1
235,61,395,251,1
236.33,56,396.33,246,1
237.67,51,397.67,241,1
239,46,399,236,1
239,46,399,236,1
241.33,51.667,401.33,241.67,1
243.67,57.333,403.67,247.33,1
246,63,406,253,1
246,63,406,253,1
252,65.667,412,255.67,1
258,68.333,418,258.33,1
264,71,424,261,1
264,71,424,261,1
262,68.333,422,258.33,1
260,65.667,420,255.67,1
258,63,418,253,1
258,63,418,253,1
258,59.667,418,249.67,1
258,56.333,418,246.33,1
258,53,418,243,1
258,53,418,243,1
257.33,56.333,417.33,246.33,1
256.67,59.667,416.67,249.67,1
256,63,416,253,1
256,63,416,253,1
252.67,70.333,412.67,260.33,1
249.33,77.667,409.33,267.67,1
246,85,406,275,1
246,85,406,275,1
242.33,80.333,402.33,270.33,1
238.67,75.667,398.67,265.67,1
235,71,395,261,1
235,71,395,261,1
234.67,65.667,394.67,255.67,1
234.33,60.333,394.33,250.33,1
234,55,394,245,1
234,55,394,245,1
237.33,59.667,397.33,249.67,1
240.67,64.333,400.67,254.33,1
244,69,404,259,1
244,69,404,259,1
251.33,74.667,411.33,264.67,1
258.67,80.333,418.67,270.33,1
266,86,426,276,1
266,86,426,276,1
269.67,85.333,429.67,275.33,1
273.33,84.667,433.33,274.67,1
277,84,437,274,1
277,84,437,274,1
275,79.333,435,269.33,1
273,74.667,433,264.67,1
271,70,431,260,1
271,70,431,260,1
271,66.667,431,256.67,1
271,63.333,431,253.33,1
271,60,431,250,1
271,60,431,250,1
268.33,67.333,428.33,257.33,1
265.67,74.667,425.67,264.67,1
263,82,423,272,1
263,82,423,272,1
264.67,80.333,424.67,270.33,1
266.33,78.667,426.33,268.67,1
268,77,428,267,1
268,77,428,267,1
270.67,72,430.67,262,1
273.33,67,433.33,257,1
276,62,436,252,1
276,62,436,252,1
278,59,438,249,1
280,56,440,246,1
282,53,442,243,1
282,53,442,243,1
285.33,57.667,445.33,247.67,1
288.67,62.333,448.67,252.33,1
292,67,452,257,1
292,67,452,257,1
294.67,72.333,454.67,262.33,1
297.33,77.667,457.33,267.67,1
300,83,460,273,1
300,83,460,273,1
300,77,460,267,1
300,71,460,261,1
300,65,460,255,1
300,65,460,255,1
297.67,61.333,457.67,251.33,1
295.33,57.667,455.33,247.67,1
293,54,453,244,1
293,54,453,244,1
293,59.667,453,249.67,1
293,65.333,453,255.33,1
293,71,453,261,1
293,71,453,261,1
293.33,76.667,447.33,261,1
293.67,82.333,441.67,261,1
294,88,436,261,1
294,88,436,261,1
288.33,81.667,430.33,254.67,1
282.67,75.333,424.67,248.33,1
277,69,419,242,1
277,69,419,242,1
266.67,69,408.67,242,1
256.33,69,398.33,242,1
246,69,388,242,1
246,69,388,242,1
239.67,75.333,381.67,248.33,1
233.33,81.667,375.33,254.67,1
227,88,369,261,1
227,88,369,261,1
223.33,91,365.33,264,1
219.67,94,361.67,267,1
216,97,358,270,1
216,97,358,270,1
214.67,92.667,356.67,265.67,1
213.33,88.333,355.33,261.33,1
212,84,354,257,1
212,84,354,257,1
211.67,84.667,353.67,257.67,1
211.33,85.333,353.33,258.33,1
211,86,353,259,1
211,86,353,259,1
216,90.667,358,263.67,1
221,95.333,363,268.33,1
226,100,368,273,1
226,100,368,273,1
236,95,378,268,1
246,90,388,263,1
256,85,398,258,1
256,85,398,258,1
265,81.333,407,254.33,1
274,77.667,416,250.67,1
283,74,425,247,1
283,74,425,247,1
292,76.667,434,249.67,1
301,79.333,443,252.33,1
310,82,452,255,1
310,82,452,255,1
312.33,88.333,454.33,261.33,1
314.67,94.667,456.67,267.67,1
317,101,459,274,1
317,101,459,274,1
321.33,104.33,463.33,277.33,1
325.67,107.67,467.67,280.67,1
330,111,472,284,1
330,111,472,284,1
328.33,110,470.33,283,1
326.67,109,468.67,282,1
325,108,467,281,1
325,108,467,281,1
323.33,103.33,465.33,276.33,1
321.67,98.667,463.67,271.67,1
320,94,462,267,1
320,94,462,267,1
318.67,94.333,460.67,267.33,1
317.33,94.667,459.33,267.67,1
316,95,458,268,1
316,95,458,268,1
315.43,94.571,457.43,267.57,1
314.86,94.143,456.86,267.14,1
314.29,93.714,456.29,266.71,1
313.71,93.286,455.71,266.29,1
313.14,92.857,455.14,265.86,1
312.57,92.429,454.57,265.43,1
312,92,454,265,1
312,92,454,265,1
310.43,92,452.43,265,1
308.86,92,450.86,265,1
307.29,92,449.29,265,1
305.71,92,447.71,265,1
304.14,92,446.14,265,1
302.57,92,444.57,265,1
301,92,443,265,1
301,92,443,265,1
298,95.667,440,268.67,1
295,99.333,437,272.33,1
292,103,434,276,1
292,103,434,276,1
295,99.333,437,272.33,1
298,95.667,440,268.67,1
301,92,443,265,1
301,92,443,265,1
301.43,93.286,443.43,266.29,1
301.86,94.571,443.86,267.57,1
302.29,95.857,444.29,268.86,1
302.71,97.143,444.71,270.14,1
303.14,98.429,445.14,271.43,1
303.57,99.714,445.57,272.71,1
304,101,446,274,1
304,101,446,274,1
307.33,100,449.33,273,1
310.67,99,452.67,272,1
314,98,456,271,1
314,98,456,271,1
315.43,93.857,457.43,266.86,1
316.86,89.714,458.86,262.71,1
318.29,85.571,460.29,258.57,1
319.71,81.429,461.71,254.43,1
321.14,77.286,463.14,250.29,1
322.57,73.143,464.57,246.14,1
324,69,466,242,1
324,69,466,242,1
324,73,466,246,1
324,77,466,250,1
324,81,466,254,1
324,81,466,254,1
323.67,87,465.67,260,1
323.33,93,465.33,266,1
323,99,465,272,1
323,99,465,272,1
322.33,94.333,464.33,267.33,1
321.67,89.667,463.67,262.67,1
321,85,463,258,1
321,85,463,258,1
322.67,83.333,464.67,256.33,1
324.33,81.667,466.33,254.67,1
326,80,468,253,1
326,80,468,253,1
323.33,84.667,465.33,257.67,1
320.67,89.333,462.67,262.33,1
318,94,460,267,1
318,94,460,267,1
322,92.667,464,265.67,1
326,91.333,468,264.33,1
330,90,472,263,1
330,90,472,263,1
337.67,84.333,479.67,257.33,1
345.33,78.667,487.33,251.67,1
353,73,495,246,1
353,73,495,246,1
357.33,68,499.33,241,1
361.67,63,503.67,236,1
366,58,508,231,1
366,58,508,231,1
366.33,59.667,508.33,232.67,1
366.67,61.333,508.67,234.33,1
367,63,509,236,1
367,63,509,236,1
369.67,70.667,511.67,243.67,1
372.33,78.333,514.33,251.33,1
375,86,517,259,1
375,86,517,259,1
375,87,517,260,1
375,88,517,261,1
375,89,517,262,1
375,90,517,263,1
375,90,517,263,1
375,82.5,517,255.5,1
375,75,517,248,1
375,75,517,248,1
375,74.5,517,247.5,1
375,74,517,247,1
375,73.5,517,246.5,1
375,73,517,246,1
375,73,517,246,1
375.33,80,517.33,253,1
375.67,87,517.67,260,1
376,94,518,267,1
376,94,518,267,1
378,88,520,261,1
380,82,522,255,1
382,76,524,249,1
382,76,524,249,1
378.67,69.333,520.67,242.33,1
375.33,62.667,517.33,235.67,1
372,56,514,229,1
372,56,514,229,1
357.67,51,499.67,224,1
343.33,46,485.33,219,1
329,41,471,214,1
329,41,471,214,1
316.33,54.667,458.33,227.67,1
303.67,68.333,445.67,241.33,1
291,82,433,255,1
291,82,433,255,1
285,82.333,427,255.33,1
279,82.667,421,255.67,1
273,83,415,256,1
273,83,415,256,1
269.33,81,411.33,254,1
265.67,79,407.67,252,1
262,77,404,250,1
262,77,404,250,1
259.33,76,401.33,249,1
256.67,75,398.67,248,1
254,74,396,247,1
254,74,396,247,1
254.33,80.667,396.33,253.67,1
254.67,87.333,396.67,260.33,1
255,94,397,267,1
255,94,397,267,1
265.33,94,407.33,267,1
275.67,94,417.67,267,1
286,94,428,267,1
286,94,428,267,1
297,81.667,439,254.67,1
308,69.333,450,242.33,1
319,57,461,230,1
319,57,461,230,1
340.33,48.333,482.33,221.33,1
361.67,39.667,503.67,212.67,1
383,31,525,204,1
383,31,525,204,1
404,40.333,546,213.33,1
425,49.667,567,222.67,1
446,59,588,232,1
446,59,588,232,1
455.67,65,597.67,238,1
465.33,71,607.33,244,1
475,77,617,250,1
475,77,617,250,1
479,70.333,621,243.33,1
483,63.667,625,236.67,1
487,57,629,230,1
487,57,629,230,1
487,56.333,629,229.33,1
487,55.667,629,228.67,1
487,55,629,228,1
487,55,629,228,1
484,65,626,238,1
481,75,623,248,1
478,85,620,258,1
478,85,620,258,1
471,85,613,258,1
464,85,606,258,1
457,85,599,258,1
457,85,599,258,1
440,74.333,582,247.33,1
423,63.667,565,236.67,1
406,53,548,226,1
406,53,548,226,1
392.33,48.667,534.33,221.67,1
378.67,44.333,520.67,217.33,1
365,40,507,213,1
365,40,507,213,1
350,53,492,226,1
335,66,477,239,1
320,79,462,252,1
320,79,462,252,1
310.67,85,452.67,258,1
301.33,91,443.33,264,1
292,97,434,270,1
292,97,434,270,1
289.33,89.333,431.33,262.33,1
286.67,81.667,428.67,254.67,1
284,74,426,247,1
284,74,426,247,1
284,71.333,426,244.33,1
284,68.667,426,241.67,1
284,66,426,239,1
284,66,426,239,1
286.67,69.333,428.67,242.33,1
289.33,72.667,431.33,245.67,1
292,76,434,249,1
292,76,434,249,1
291.74,76.053,433.74,249.05,1
291.47,76.105,433.47,249.11,1
291.21,76.158,433.21,249.16,1
290.95,76.211,432.95,249.21,1
290.68,76.263,432.68,249.26,1
290.42,76.316,432.42,249.32,1
290.16,76.368,432.16,249.37,1
289.89,76.421,431.89,249.42,1
289.63,76.474,431.63,249.47,1
289.37,76.526,431.37,249.53,1
289.11,76.579,431.11,249.58,1
288.84,76.632,430.84,249.63,1
288.58,76.684,430.58,249.68,1
288.32,76.737,430.32,249.74,1
288.05,76.789,430.05,249.79,1
287.79,76.842,429.79,249.84,1
287.53,76.895,429.53,249.89,1
287.26,76.947,429.26,249.95,1
287,77,429,250,1
287,77,429,250,1
281.57,74.286,423.57,247.29,1
276.14,71.571,418.14,244.57,1
270.71,68.857,412.71,241.86,1
265.29,66.143,407.29,239.14,1
259.86,63.429,401.86,236.43,1
254.43,60.714,396.43,233.71,1
249,58,391,231,1
249,58,391,231,1
247,57.333,389,230.33,1
245,56.667,387,229.67,1
243,56,385,229,1
243,56,385,229,1
236.33,55.333,378.33,228.33,1
229.67,54.667,371.67,227.67,1
223,54,365,227,1
223,54,365,227,1
222.67,53.333,364.67,226.33,1
222.33,52.667,364.33,225.67,1
222,52,364,225,1
222,52,364,225,1
221.73,48.636,363.73,221.64,1
221.45,45.273,363.45,218.27,1
221.18,41.909,363.18,214.91,1
220.91,38.545,362.91,211.55,1
220.64,35.182,362.64,208.18,1
220.36,31.818,362.36,204.82,1
220.09,28.455,362.09,201.45,1
219.82,25.091,361.82,198.09,1
219.55,21.727,361.55,194.73,1
219.27,18.364,361.27,191.36,1
219,15,361,188,1
219,15,361,188,1
220,14.733,361.13,186.67,1
221,14.467,361.27,185.33,1
222,14.2,361.4,184,1
223,13.933,361.53,182.67,1
224,13.667,361.67,181.33,1
225,13.4,361.8,180,1
226,13.133,361.93,178.67,1
227,12.867,362.07,177.33,1
228,12.6,362.2,176,1
229,12.333,362.33,174.67,1
230,12.067,362.47,173.33,1
231,11.8,362.6,172,1
232,11.533,362.73,170.67,1
233,11.267,362.87,169.33,1
234,11,363,168,1
234,11,363,168,1
236.29,9.8571,365.29,166.86,1
238.57,8.7143,367.57,165.71,1
240.86,7.5714,369.86,164.57,1
243.14,6.4286,372.14,163.43,1
245.43,5.2857,374.43,162.29,1
247.71,4.1429,376.71,161.14,1
250,3,379,160,1
250,3,379,160,1
254,3,383,160,1
258,3,387,160,1
262,3,391,160,1
262,3,391,160,1
260.86,1.4286,389.86,158.43,1
259.71,-0.14286,388.71,156.86,1
258.57,-1.7143,387.57,155.29,1
257.43,-3.2857,386.43,153.71,1
256.29,-4.8571,385.29,152.14,1
255.14,-6.4286,384.14,150.57,1
254,-8,383,149,1
254,-8,383,149,1
252.55,-7.9091,381.55,149.09,1
251.09,-7.8182,380.09,149.18,1
249.64,-7.7273,378.64,149.27,1
248.18,-7.6364,377.18,149.36,1
246.73,-7.5455,375.73,149.45,1
245.27,-7.4545,374.27,149.55,1
243.82,-7.3636,372.82,149.64,1
242.36,-7.2727,371.36,149.73,1
240.91,-7.1818,369.91,149.82,1
239.45,-7.0909,368.45,149.91,1
238,-7,367,150,1
238,-7,367,150,1
229,-1.6667,358,155.33,1
220,3.6667,349,160.67,1
211,9,340,166,1
211,9,340,166,1
203,12,332,169,1
195,15,324,172,1
187,18,316,175,1
187,18,316,175,1
185.43,20.857,314.43,177.86,1
183.86,23.714,312.86,180.71,1
182.29,26.571,311.29,183.57,1
180.71,29.429,309.71,186.43,1
179.14,32.286,308.14,189.29,1
177.57,35.143,306.57,192.14,1
176,38,305,195,1
176,38,305,195,1
175.86,40,304.86,197,1
175.71,42,304.71,199,1
175.57,44,304.57,201,1
175.43,46,304.43,203,1
175.29,48,304.29,205,1
175.14,50,304.14,207,1
175,52,304,209,1
175,52,304,209,1
172.57,52.286,301.57,209.29,1
170.14,52.571,299.14,209.57,1
167.71,52.857,296.71,209.86,1
165.29,53.143,294.29,210.14,1
162.86,53.429,291.86,210.43,1
160.43,53.714,289.43,210.71,1
158,54,287,211,1
158,54,287,211,1
152,57,278.57,211.71,1
146,60,270.14,212.43,1
140,63,261.71,213.14,1
134,66,253.29,213.86,1
128,69,244.86,214.57,1
122,72,236.43,215.29,1
116,75,228,216,1
116,75,228,216,1
109.33,75.333,221.33,216.33,1
102.67,75.667,214.67,216.67,1
96,76,208,217,1
96,76,208,217,1
92,76,204,217,1
88,76,200,217,1
84,76,196,217,1
84,76,196,217,1
81,76,193,217,1
78,76,190,217,1
75,76,187,217,1
75,76,187,217,1
74.429,74.714,187,217.29,1
73.857,73.429,187,217.57,1
73.286,72.143,187,217.86,1
72.714,70.857,187,218.14,1
72.143,69.571,187,218.43,1
71.571,68.286,187,218.71,1
71,67,187,219,1
71,67,187,219,1
71,62.667,187,214.67,1
71,58.333,187,210.33,1
71,54,187,206,1
71,54,187,206,1
69.714,54.286,185.71,206.29,1
68.429,54.571,184.43,206.57,1
67.143,54.857,183.14,206.86,1
65.857,55.143,181.86,207.14,1
64.571,55.429,180.57,207.43,1
63.286,55.714,179.29,207.71,1
62,56,178,208,1
62,56,178,208,1
59.667,56.667,175.67,208.67,1
57.333,57.333,173.33,209.33,1
55,58,171,210,1
55,58,171,210,1
51,58,171,214,1
47,58,171,218,1
43,58,171,222,1
43,58,171,222,1
40.333,66.667,168.33,230.67,1
37.667,75.333,165.67,239.33,1
35,84,163,248,1
35,84,163,248,1
34.143,85.571,162.14,249.57,1
33.286,87.143,161.29,251.14,1
32.429,88.714,160.43,252.71,1
31.571,90.286,159.57,254.29,1
30.714,91.857,158.71,255.86,1
29.857,93.429,157.86,257.43,1
29,95,157,259,1
29,95,157,259,1
26.818,96.455,154.82,260.45,1
24.636,97.909,152.64,261.91,1
22.455,99.364,150.45,263.36,1
20.273,100.82,148.27,264.82,1
18.091,102.27,146.09,266.27,1
15.909,103.73,143.91,267.73,1
13.727,105.18,141.73,269.18,1
11.545,106.64,139.55,270.64,1
9.3636,108.09,137.36,272.09,1
7.1818,109.55,135.18,273.55,1
5,111,133,275,1
5,111,133,275,1
2.3333,111,130.33,275,1
-0.33333,111,127.67,275,1
-3,111,125,275,1
-3,111,125,275,1
-3.6667,111,125,277,1
-4.3333,111,125,279,1
-5,111,125,281,1
-5,111,125,281,1
-8.3333,118,121.67,288,1
-11.667,125,118.33,295,1
-15,132,115,302,1
-15,132,115,302,1
-15,129,115,299,1
-15,126,115,296,1
-15,123,115,293,1
-15,120,115,290,1
-15,117,115,287,1
-15,114,115,284,1
-15,111,115,281,1
-15,111,115,281,1
-14.143,109.29,118.43,280.43,1
-13.286,107.57,121.86,279.86,1
-12.429,105.86,125.29,279.29,1
-11.571,104.14,128.71,278.71,1
-10.714,102.43,132.14,278.14,1
-9.8571,100.71,135.57,277.57,1
-9,99,139,277,1
-9,99,139,277,1
-3.5714,96.714,144.43,274.71,1
1.8571,94.429,149.86,272.43,1
7.2857,92.143,155.29,270.14,1
12.714,89.857,160.71,267.86,1
18.143,87.571,166.14,265.57,1
23.571,85.286,171.57,263.29,1
29,83,177,261,1
29,83,177,261,1
36,82.571,184,260.57,1
43,82.143,191,260.14,1
50,81.714,198,259.71,1
57,81.286,205,259.29,1
64,80.857,212,258.86,1
71,80.429,219,258.43,1
78,80,226,258,1
78,80,226,258,1
83.571,81.714,231.57,259.71,1
89.143,83.429,237.14,261.43,1
94.714,85.143,242.71,263.14,1
100.29,86.857,248.29,264.86,1
105.86,88.571,253.86,266.57,1
111.43,90.286,259.43,268.29,1
117,92,265,270,1
117,92,265,270,1
121,94.429,269,272.43,1
125,96.857,273,274.86,1
129,99.286,277,277.29,1
133,101.71,281,279.71,1
137,104.14,285,282.14,1
141,106.57,289,284.57,1
145,109,293,287,1
145,109,293,287,1
147.71,107.29,295.71,285.29,1
150.43,105.57,298.43,283.57,1
153.14,103.86,301.14,281.86,1
155.86,102.14,303.86,280.14,1
158.57,100.43,306.57,278.43,1
161.29,98.714,309.29,276.71,1
164,97,312,275,1
164,97,312,275,1
165.71,95.143,315.57,274,1
167.43,93.286,319.14,273,1
169.14,91.429,322.71,272,1
170.86,89.571,326.29,271,1
172.57,87.714,329.86,270,1
174.29,85.857,333.43,269,1
176,84,337,268,1
176,84,337,268,1
179.14,81.714,340.14,265.71,1
182.29,79.429,343.29,263.43,1
185.43,77.143,346.43,261.14,1
188.57,74.857,349.57,258.86,1
191.71,72.571,352.71,256.57,1
194.86,70.286,355.86,254.29,1
198,68,359,252,1
198,68,359,252,1
200.67,65.667,361.67,249.67,1
203.33,63.333,364.33,247.33,1
206,61,367,245,1
206,61,367,245,1
204.6,62.533,365.6,246.53,1
203.2,64.067,364.2,248.07,1
201.8,65.6,362.8,249.6,1
200.4,67.133,361.4,251.13,1
199,68.667,360,252.67,1
197.6,70.2,358.6,254.2,1
196.2,71.733,357.2,255.73,1
194.8,73.267,355.8,257.27,1
193.4,74.8,354.4,258.8,1
192,76.333,353,260.33,1
190.6,77.867,351.6,261.87,1
189.2,79.4,350.2,263.4,1
187.8,80.933,348.8,264.93,1
186.4,82.467,347.4,266.47,1
185,84,346,268,1
185,84,346,268,1
182,87.667,343,271.67,1
179,91.333,340,275.33,1
176,95,337,279,1
176,95,337,279,1
169.67,101,330.67,285,1
163.33,107,324.33,291,1
157,113,318,297,1
157,113,318,297,1
150.29,113.86,311.29,297.86,1
143.57,114.71,304.57,298.71,1
136.86,115.57,297.86,299.57,1
130.14,116.43,291.14,300.43,1
123.43,117.29,284.43,301.29,1
116.71,118.14,277.71,302.14,1
110,119,271,303,1
110,119,271,303,1
107,119,268,303,1
104,119,265,303,1
101,119,262,303,1
101,119,262,303,1
94,120,255,304,1
87,121,248,305,1
80,122,241,306,1
80,122,241,306,1
75,121,236,305,1
70,120,231,304,1
65,119,226,303,1
65,119,226,303,1
64.286,117.14,225.29,301.14,1
63.571,115.29,224.57,299.29,1
62.857,113.43,223.86,297.43,1
62.143,111.57,223.14,295.57,1
61.429,109.71,222.43,293.71,1
60.714,107.86,221.71,291.86,1
60,106,221,290,1
60,106,221,290,1
60,108.33,221,292.33,1
60,110.67,221,294.67,1
60,113,221,297,1
60,113,221,297,1
60,114,221,298,1
60,115,221,299,1
60,116,221,300,1
60,116,221,300,1
61,112.67,222,296.67,1
62,109.33,223,293.33,1
63,106,224,290,1
63,106,224,290,1
68.667,105,229.67,289,1
74.333,104,235.33,288,1
80,103,241,287,1
80,103,241,287,1
82.333,106,243.33,290,1
84.667,109,245.67,293,1
87,112,248,296,1
87,112,248,296,1
90.333,109,251.33,293,1
93.667,106,254.67,290,1
97,103,258,287,1
97,103,258,287,1
106.33,97.333,267.33,281.33,1
115.67,91.667,276.67,275.67,1
125,86,286,270,1
125,86,286,270,1
131,85,292,269,1
137,84,298,268,1
143,83,304,267,1
143,83,304,267,1
145.67,88,306.67,272,1
148.33,93,309.33,277,1
151,98,312,282,1
151,98,312,282,1
155,98.333,316,282.33,1
159,98.667,320,282.67,1
163,99,324,283,1
163,99,324,283,1
162.13,99.733,323.13,283.73,1
161.27,100.47,322.27,284.47,1
160.4,101.2,321.4,285.2,1
159.53,101.93,320.53,285.93,1
158.67,102.67,319.67,286.67,1
157.8,103.4,318.8,287.4,1
156.93,104.13,317.93,288.13,1
156.07,104.87,317.07,288.87,1
155.2,105.6,316.2,289.6,1
154.33,106.33,315.33,290.33,1
153.47,107.07,314.47,291.07,1
152.6,107.8,313.6,291.8,1
151.73,108.53,312.73,292.53,1
150.87,109.27,311.87,293.27,1
150,110,311,294,1
150,110,311,294,1
145.67,113.33,306.67,297.33,1
141.33,116.67,302.33,300.67,1
137,120,298,304,1
137,120,298,304,1
131.33,124,292.33,308,1
125.67,128,286.67,312,1
120,132,281,316,1
120,132,281,316,1
116.33,140,277.33,324,1
112.67,148,273.67,332,1
109,156,270,340,1
109,156,270,340,1
107.33,162,268.33,346,1
105.67,168,266.67,352,1
104,174,265,358,1
104,174,265,358,1
105,175.14,266,359.14,1
106,176.29,267,360.29,1
107,177.43,268,361.43,1
108,178.57,269,362.57,1
109,179.71,270,363.71,1
110,180.86,271,364.86,1
111,182,272,366,1
111,182,272,366,1
113.67,186,274.67,370,1
116.33,190,277.33,374,1
119,194,280,378,1
119,194,280,378,1
121.67,188.67,285.67,376,1
124.33,183.33,291.33,374,1
127,178,297,372,1
127,178,297,372,1
129.67,176.67,299.67,370.67,1
132.33,175.33,302.33,369.33,1
135,174,305,368,1
135,174,305,368,1
136,175.33,306,369.33,1
137,176.67,307,370.67,1
138,178,308,372,1
138,178,308,372,1
138,176,308,370,1
138,174,308,368,1
138,172,308,366,1
138,172,308,366,1
136.91,171.91,306.91,365.91,1
135.82,171.82,305.82,365.82,1
134.73,171.73,304.73,365.73,1
133.64,171.64,303.64,365.64,1
132.55,171.55,302.55,365.55,1
131.45,171.45,301.45,365.45,1
130.36,171.36,300.36,365.36,1
129.27,171.27,299.27,365.27,1
128.18,171.18,298.18,365.18,1
127.09,171.09,297.09,365.09,1
126,171,296,365,1
126,171,296,365,1
125.18,170.18,295.18,364.18,1
124.36,169.36,294.36,363.36,1
123.55,168.55,293.55,362.55,1
122.73,167.73,292.73,361.73,1
121.91,166.91,291.91,360.91,1
121.09,166.09,291.09,360.09,1
120.27,165.27,290.27,359.27,1
119.45,164.45,289.45,358.45,1
118.64,163.64,288.64,357.64,1
117.82,162.82,287.82,356.82,1
117,162,287,356,1
117,162,287,356,1
114,159.33,284,353.33,1
111,156.67,281,350.67,1
108,154,278,348,1
108,154,278,348,1
108,152,278,346,1
108,150,278,344,1
108,148,278,342,1
108,146,278,340,1
108,144,278,338,1
108,142,278,336,1
108,140,278,334,1
108,138,278,332,1
108,136,278,330,1
108,134,278,328,1
108,132,278,326,1
108,132,278,326,1
109.64,131.64,279.64,325.64,1
111.27,131.27,281.27,325.27,1
112.91,130.91,282.91,324.91,1
114.55,130.55,284.55,324.55,1
116.18,130.18,286.18,324.18,1
117.82,129.82,287.82,323.82,1
119.45,129.45,289.45,323.45,1
121.09,129.09,291.09,323.09,1
122.73,128.73,292.73,322.73,1
124.36,128.36,294.36,322.36,1
126,128,296,322,1
126,128,296,322,1
126.8,126.8,296.8,320.8,1
127.6,125.6,297.6,319.6,1
128.4,124.4,298.4,318.4,1
129.2,123.2,299.2,317.2,1
130,122,300,316,1
130.8,120.8,300.8,314.8,1
131.6,119.6,301.6,313.6,1
132.4,118.4,302.4,312.4,1
133.2,117.2,303.2,311.2,1
134,116,304,310,1
134.8,114.8,304.8,308.8,1
135.6,113.6,305.6,307.6,1
136.4,112.4,306.4,306.4,1
137.2,111.2,307.2,305.2,1
138,110,308,304,1
138,110,308,304,1
138.45,109.09,308.45,303.09,1
138.91,108.18,308.91,302.18,1
139.36,107.27,309.36,301.27,1
139.82,106.36,309.82,300.36,1
140.27,105.45,310.27,299.45,1
140.73,104.55,310.73,298.55,1
141.18,103.64,311.18,297.64,1
141.64,102.73,311.64,296.73,1
142.09,101.82,312.09,295.82,1
142.55,100.91,312.55,294.91,1
143,100,313,294,1
143,100,313,294,1
140.13,101.4,310.13,295.4,1
137.27,102.8,307.27,296.8,1
134.4,104.2,304.4,298.2,1
131.53,105.6,301.53,299.6,1
128.67,107,298.67,301,1
125.8,108.4,295.8,302.4,1
122.93,109.8,292.93,303.8,1
120.07,111.2,290.07,305.2,1
117.2,112.6,287.2,306.6,1
114.33,114,284.33,308,1
111.47,115.4,281.47,309.4,1
108.6,116.8,278.6,310.8,1
105.73,118.2,275.73,312.2,1
102.87,119.6,272.87,313.6,1
100,121,270,315,1
100,121,270,315,1
97.667,128,267.67,322,1
95.333,135,265.33,329,1
93,142,263,336,1
93,142,263,336,1
92,143.71,262,337.71,1
91,145.43,261,339.43,1
90,147.14,260,341.14,1
89,148.86,259,342.86,1
88,150.57,258,344.57,1
87,152.29,257,346.29,1
86,154,256,348,1
86,154,256,348,1
86,157,254.14,348,1
86,160,252.29,348,1
86,163,250.43,348,1
86,166,248.57,348,1
86,169,246.71,348,1
86,172,244.86,348,1
86,175,243,348,1
86,175,243,348,1
88.944,174.67,245.94,347.67,1
91.889,174.33,248.89,347.33,1
94.833,174,251.83,347,1
97.778,173.67,254.78,346.67,1
100.72,173.33,257.72,346.33,1
103.67,173,260.67,346,1
106.61,172.67,263.61,345.67,1
109.56,172.33,266.56,345.33,1
112.5,172,269.5,345,1
115.44,171.67,272.44,344.67,1
118.39,171.33,275.39,344.33,1
121.33,171,278.33,344,1
124.28,170.67,281.28,343.67,1
127.22,170.33,284.22,343.33,1
130.17,170,287.17,343,1
133.11,169.67,290.11,342.67,1
136.06,169.33,293.06,342.33,1
139,169,296,342,1
139,169,296,342,1
144.86,172,301.86,345,1
150.71,175,307.71,348,1
156.57,178,313.57,351,1
162.43,181,319.43,354,1
168.29,184,325.29,357,1
174.14,187,331.14,360,1
180,190,337,363,1
180,190,337,363,1
184.33,186,341.33,359,1
188.67,182,345.67,355,1
193,178,350,351,1
193,178,350,351,1
198.29,171.29,353.57,343.86,1
203.57,164.57,357.14,336.71,1
208.86,157.86,360.71,329.57,1
214.14,151.14,364.29,322.43,1
219.43,144.43,367.86,315.29,1
224.71,137.71,371.43,308.14,1
230,131,375,301,1
230,131,375,301,1
233.71,132.86,378.71,302.86,1
237.43,134.71,382.43,304.71,1
241.14,136.57,386.14,306.57,1
244.86,138.43,389.86,308.43,1
248.57,140.29,393.57,310.29,1
252.29,142.14,397.29,312.14,1
256,144,401,314,1
256,144,401,314,1
263.67,143.67,408.67,313.67,1
271.33,143.33,416.33,313.33,1
279,143,424,313,1
279,143,424,313,1
282.67,144.33,427.67,314.33,1
286.33,145.67,431.33,315.67,1
290,147,435,317,1
290,147,435,317,1
293.67,150.33,438.67,320.33,1
297.33,153.67,442.33,323.67,1
301,157,446,327,1
301,157,446,327,1
301.67,162.67,446.67,332.67,1
302.33,168.33,447.33,338.33,1
303,174,448,344,1
303,174,448,344,1
307.33,179,452.33,349,1
311.67,184,456.67,354,1
316,189,461,359,1
316,189,461,359,1
316,187.67,461,357.67,1
316,186.33,461,356.33,1
316,185,461,355,1
316,185,461,355,1
315.27,182.36,460.27,352.36,1
314.55,179.73,459.55,349.73,1
313.82,177.09,458.82,347.09,1
313.09,174.45,458.09,344.45,1
312.36,171.82,457.36,341.82,1
311.64,169.18,456.64,339.18,1
310.91,166.55,455.91,336.55,1
310.18,163.91,455.18,333.91,1
309.45,161.27,454.45,331.27,1
308.73,158.64,453.73,328.64,1
308,156,453,326,1
308,156,453,326,1
304.86,158.29,449.86,328.29,1
301.71,160.57,446.71,330.57,1
298.57,162.86,443.57,332.86,1
295.43,165.14,440.43,335.14,1
292.29,167.43,437.29,337.43,1
289.14,169.71,434.14,339.71,1
286,172,431,342,1
286,172,431,342,1
285.43,176.14,430.43,346.14,1
284.86,180.29,429.86,350.29,1
284.29,184.43,429.29,354.43,1
283.71,188.57,428.71,358.57,1
283.14,192.71,428.14,362.71,1
282.57,196.86,427.57,366.86,1
282,201,427,371,1
282,201,427,371,1
278.67,205.67,423.67,375.67,1
275.33,210.33,420.33,380.33,1
272,215,417,385,1
272,215,417,385,1
272,210.33,417,380.33,1
272,205.67,417,375.67,1
272,201,417,371,1
272,201,417,371,1
272.07,198.67,417.07,368.67,1
272.13,196.33,417.13,366.33,1
272.2,194,417.2,364,1
272.27,191.67,417.27,361.67,1
272.33,189.33,417.33,359.33,1
272.4,187,417.4,357,1
272.47,184.67,417.47,354.67,1
272.53,182.33,417.53,352.33,1
272.6,180,417.6,350,1
272.67,177.67,417.67,347.67,1
272.73,175.33,417.73,345.33,1
272.8,173,417.8,343,1
272.87,170.67,417.87,340.67,1
272.93,168.33,417.93,338.33,1
273,166,418,336,1
273,166,418,336,1
274.14,162.29,419.14,332.29,1
275.29,158.57,420.29,328.57,1
276.43,154.86,421.43,324.86,1
277.57,151.14,422.57,321.14,1
278.71,147.43,423.71,317.43,1
279.86,143.71,424.86,313.71,1
281,140,426,310,1
281,140,426,310,1
282,127,427,297,1
283,114,428,284,1
284,101,429,271,1
284,101,429,271,1
284.43,94.286,429.43,264.29,1
284.86,87.571,429.86,257.57,1
285.29,80.857,430.29,250.86,1
285.71,74.143,430.71,244.14,1
286.14,67.429,431.14,237.43,1
286.57,60.714,431.57,230.71,1
287,54,432,224,1
287,54,432,224,1
287,54,432,224,1
287,54,432,224,1
287,54,432,224,1
287,54,432,224,1
287,54,432,224,1
287,54,432,224,1
287,54,432,224,1
