"1",646.1,338.7
"2",647.5,332.3
"3",651.8,326.9
"4",647.95,323.2
"5",647.2,322.4
"6",650.7,321.2
"7",653.75,319.75
"8",660.9,311.1
"9",673.5,305.5
"10",677.85,298.3
"11",686.4,290
"12",698.8,281.1
"13",709.5,273.95
"14",672.8,290.8
"15",599.7,316.5
"16",616,313.9
"17",636.7,312.4
"18",653.9,316.3
"19",669.1,318.8
"20",681.1,321.1
"21",692.4,324.7
"22",702,326.95
"23",711.2,332.1
"24",721.7,335.2
"25",729.6,337.3
"26",738.9,340.5
"27",751.1,346.9
"28",762.65,353.15
"29",763.8,355.1
"30",460.7,390.1
"31",406.7,396.75
"32",413.9,399.2
"33",427.7,401.1
"34",439.55,401.15
"35",451.3,401.6
"36",459.8,403.5
"37",464.95,403.05
"38",470.6,404.5
"39",584.2,401.4
"40",684.55,367.1
"41",683.7,362.4
"42",679.3,364.1
"43",676.95,363.7
"44",677.1,363.6
"45",840.9,380
"46",848.8,379.8
"47",846,379
"48",842.2,382.4
"49",842.6,380.1
"50",843.4,381.1
"51",841.3,380.9
"52",875.65,379.6
"53",970.3,361.6
"54",971.2,356.1
"55",966.2,355.6
"56",962.4,356
"57",962.8,356.5
"58",958.9,355.35
"59",955.7,353.9
"60",955.7,357.8
"61",956.3,358.05
"62",924.7,364.9
"63",826.1,425.1
"64",823,426.95
"65",825.6,421.3
"66",827.9,416.9
"67",828.35,414.7
"68",828.4,411.8
"69",832.1,408.7
"70",837.25,408.6
"71",842,406.8
"72",848.6,408.4
"73",857.75,408.3
"74",862.4,409.5
"75",861.8,411
"76",849,411.6
"77",510.6,417
"78",455.1,416.6
"79",465.25,420.75
"80",479.5,421.5
"81",490.9,421.8
"82",506.15,420.15
"83",525.2,416.5
"84",543.2,414.1
"85",556.65,411.35
"86",565.7,407.6
"87",580.1,407.1
"88",599.35,406.9
"89",615.9,405.8
"90",633.1,405.9
"91",644.2,402.1
"92",659.4,396.2
"93",671,395.8
"94",467.15,376.45
"95",402.9,355.7
"96",309.15,660.6
"97",-999,-999
"98",-999,-999
"99",371.2,674.7
"100",435.95,307.05
"101",438.4,319.6
"102",450.2,332.3
"103",465.3,324.15
"104",475.8,322.1
"105",487.4,326.6
"106",496.6,328.35
"107",507.3,331.8
"108",516.8,335.7
"109",526.05,340.75
"110",536.1,343.1
"111",546,346.1
"112",556.85,351
"113",569.7,353.7
"114",581.7,356.1
"115",593.95,360.95
"116",592.2,363.4
"117",316.5,354.5
"118",319.6,350.25
"119",332.8,349.3
"120",352.4,352.7
"121",369.3,354.85
"122",384.4,357.8
"123",403.4,360
"124",417.55,361.15
"125",428,366.2
"126",443.6,368.75
"127",456.7,373.6
"128",472.4,379.1
"129",485.95,383.35
"130",499.3,385.4
"131",513.9,387.9
"132",438.6,391.1
"133",376,371.15
"134",387.3,371.4
"135",410.25,378.6
"136",430.9,380.4
"137",460,380.1
"138",481.1,379.2
"139",501.55,379.2
"140",751.9,369.9
"141",791.7,365.5
"142",800.95,368.45
"143",810.9,369.8
"144",822.85,372.55
"145",831.7,374.3
"146",841.1,377
"147",851.55,377.5
"148",858,375
"149",860.9,371.9
"150",864,369.4
"151",866.35,365
"152",872.4,360.7
"153",875.2,356.6
"154",876.9,352.9
"155",874.7,350.8
"156",736.95,376.75
"157",730.4,382.3
"158",734.2,380.2
"159",735.3,374.8
"160",738.2,370.05
"161",739.3,367.1
"162",740.7,365.45
"163",742.1,364
"164",743,363.1
"165",743.7,362.05
"166",746.4,359.8
"167",748,359.2
"168",749,358.95
"169",749.2,356.8
"170",751.6,353
"171",754.35,351.25
"172",756.3,349.9
"173",757.7,350
"174",757.1,349.35
"175",759.4,350.2
"176",760.1,350.6
"177",868.25,399.4
"178",890,408.8
"179",886.3,406.7
"180",882.25,405.05
"181",875.7,406.3
"182",862.8,404.5
"183",852.55,402.7
"184",845.7,402.4
"185",837.1,397
"186",826.75,393.95
"187",817.8,391.5
"188",810.1,389.7
"189",803.5,386.55
"190",799.2,387.8
"191",791.9,385.2
"192",758.75,396.7
"193",702,465.3
"194",699.3,467.6
"195",697.4,465.7
"196",696.6,462.2
"197",696,461.2
"198",697.45,460.8
"199",700.4,458.7
"200",700.4,458.4
"201",701.85,452.95
"202",709,445.7
"203",598.7,474.1
"204",476.95,517.6
"205",482.9,513.5
"206",497.6,503.7
"207",513.6,493.7
"208",529.4,485.1
"209",542.9,473.8
"210",555.35,463.8
"211",568.1,460.6
"212",578.9,450.3
"213",592.35,442.35
"214",603.3,434.3
"215",612.9,428.7
"216",621.7,424.4
"217",629.9,422.6
"218",636.1,420.8
"219",640.1,421.8
"220",646.1,420.6
"221",651.3,419.2
"222",660.8,415.5
"223",669.4,416.1
"224",678.9,413.8
"225",687.95,411.5
"226",696.4,408.3
"227",706.7,409.2
"228",592.8,472.35
"229",412.6,562.5
"230",405.2,575.8
"231",424.4,573.95
"232",442.3,566.9
"233",456.7,558.7
"234",472.75,551.6
"235",490,544
"236",503.5,536.2
"237",519.4,529
"238",538.4,524.8
"239",553.7,518.2
"240",567.6,512.3
"241",577.5,504.3
"242",399.6,476.1
"243",314.05,415.85
"244",328.7,410
"245",354.1,407.9
"246",372.35,408.7
"247",393.1,405.7
"248",409.9,402.1
"249",427.05,402.85
"250",441.9,400.7
"251",457.2,400.6
"252",465.25,400.1
"253",477.3,404.9
"254",482.8,407.8
"255",488.05,414.5
"256",496.3,418.3
"257",508.7,421.7
"258",518.35,428.05
"259",526.8,432.5
"260",549.2,438.8
"261",-999,-999
"262",-999,-999
"263",611,749.1
"264",613.6,437.25
"265",600.7,383.7
"266",599.7,418.9
"267",602.85,434.05
"268",609.9,437.5
"269",616,447.8
"270",621.15,449.25
"271",627.3,449.1
"272",633,454.8
"273",642.25,459.7
"274",647.4,464.9
"275",650.6,468
"276",656.15,472.15
"277",658.6,477.5
"278",506.8,445.3
"279",464.55,404.6
"280",466.6,406.1
"281",475.6,413.2
"282",479.35,417.2
"283",483.2,418.6
"284",488.6,422.7
"285",514.35,421.45
"286",732.2,354.7
"287",733.4,351
"288",733.4,356.55
"289",735.6,360.8
"290",738.7,364.9
"291",743.95,369.65
"292",751.1,372.3
"293",756.8,377.3
"294",724.9,359
"295",725.3,349.1
"296",730.7,349.6
"297",733.2,350.85
"298",737.3,349.8
"299",746.1,348.1
"300",754.2,345
"301",754.6,347.2
"302",764.3,342.7
"303",768.55,341.4
"304",761.2,342
"305",426.2,479.6
"306",385.95,505.4
"307",393,503.8
"308",398.4,498.9
"309",402,494.7
"310",407.8,492.5
"311",417.2,492.8
"312",427.9,492.35
"313",437.6,488.7
"314",445.8,485.9
"315",454.35,483.3
"316",461.4,482.3
"317",470.1,480.1
"318",475,475.05
"319",482.6,472
"320",490.8,472.5
"321",497.65,472.95
"322",502.3,471.2
"323",510.4,472.1
"324",517.35,471.5
"325",525.9,471
"326",542.4,471.5
"327",653.75,455.2
"328",656.1,438.6
"329",656.3,440.8
"330",663.8,438
"331",668.6,438
"332",670.4,437.1
"333",673.25,434.75
"334",676.5,434.7
"335",677,435.7
"336",547.45,435.5
"337",546.5,426.8
"338",552.5,431
"339",559.2,432.1
"340",563.8,435.4
"341",566.3,436.6
"342",569.2,437.65
"343",574.3,437.8
"344",580.1,436.1
"345",583.9,438.05
"346",586.3,439.2
"347",508.7,453.5
"348",477.2,449.1
"349",479.4,448.2
"350",484,449.6
"351",489.6,453.55
"352",497.2,454.4
"353",500.5,453.4
"354",504.2,456.85
"355",507.9,460.4
"356",511.3,465.5
"357",517.45,472.8
"358",522.4,476.7
"359",528,483.6
"360",531.85,487.4
"361",538.3,491.3
"362",544.4,496.3
"363",542.05,499.7
"364",477.1,732.9
"365",-999,-999
"366",-999,599.8
"367",298,629.9
"368",310.6,293.9
"369",306.3,287.15
"370",312,305.9
"371",315.2,315.1
"372",323.9,319.6
"373",329.5,323.1
"374",334.9,325.5
"375",342.35,332.35
"376",350.1,335.9
"377",356.5,346.9
"378",360.65,351.9
"379",367.8,356.7
"380",268.1,306.2
"381",195.5,146.65
"382",205.6,147.4
"383",215.6,159.2
"384",226.6,167.45
"385",234,174.9
"386",241.9,181.8
"387",249.6,184.75
"388",254,194.2
"389",258.4,203.6
"390",263.9,211.75
"391",264.4,224.5
"392",231.4,218.7
"393",231.35,208.2
"394",234.5,221.4
"395",240.2,236.3
"396",241.35,244.65
"397",243.7,256.1
"398",393.3,185.5
"399",452.35,103.6
"400",456.1,111.3
"401",457.4,120
"402",461.5,132.8
"403",468.3,140.5
"404",477.5,150.2
"405",485.55,154.3
"406",492,163.5
"407",500.6,170.3
"408",504.1,177.65
"409",504.7,186.2
"410",507.1,191.7
"411",512.2,198.65
"412",510.9,204.3
"413",507.8,212.4
"414",508.55,220.55
"415",510.1,229
"416",503.9,245.1
"417",506.9,255.3
"418",508.3,263.6
"419",501.1,274.1
"420",495.95,281.45
"421",493.4,292
"422",490.9,300.9
"423",489.5,309.95
"424",488.5,324.4
"425",487.9,335.8
"426",482.85,345.35
"427",478.3,355.2
"428",476,360.6
"429",475.65,365.8
"430",473.3,368.6
"431",471.4,371
"432",470.4,370.8
"433",467.6,371.7
"434",462.9,375.2
"435",460.3,378.35
"436",455.2,378.7
"437",450.6,385.5
"438",438.95,394.9
"439",547.2,572.55
"440",-999,-999
"441",1075.25,806.05
"442",899,274.3
"443",861.6,197.8
"444",837,217.2
"445",816,237.5
"446",791.5,256.1
"447",766.6,264.95
"448",742.7,274.5
"449",726.9,284.4
"450",704.95,290.8
"451",692.6,299.1
"452",677.25,309.15
"453",663.1,319.6
"454",654.7,248.3
"455",639.1,234.2
"456",624.55,239.8
"457",619.8,246.6
"458",609,252.7
"459",609.05,258.75
"460",603,261.1
"461",597.1,261.8
"462",596.95,266
"463",595.6,268.2
"464",594.6,272
"465",594.5,271.8
"466",732.9,322.9
"467",734.7,324.7
"468",732.55,324.9
"469",730.5,323.5
"470",728.4,321.9
"471",726.5,320.3
"472",729.1,317.9
"473",727.6,320.6
"474",725.55,320.8
"475",727.1,319.5
"476",728.1,318.5
"477",720.6,316.95
"478",722.3,314.9
"479",716.1,311.6
"480",644.45,371.95
"481",584.3,490.1
"482",586.3,491.7
"483",584.1,485.2
"484",579.8,481.7
"485",577.1,475.9
"486",571.45,469.5
"487",569.2,462.1
"488",644.6,491.4
"489",714.7,513.3
"490",712.6,512
"491",712,507.8
"492",706.15,503.75
"493",701,503.5
"494",702,497.55
"495",696.9,493.7
"496",688.7,492.2
"497",-999,-999
"498",-999,-999
"499",-999,-999
"500",-999,-999
"501",739.5,-999
"502",708.6,792.6
"503",700,527.7
"504",681.8,482.2
"505",668.8,494.9
"506",664.65,514
"507",660.1,519.5
"508",651.6,517.6
"509",650.25,511.85
"510",648.1,506.5
"511",638.1,504.25
"512",634.85,496.25
"513",633.2,493.2
"514",634.5,491.8
"515",629.3,483.7
"516",627.25,480.45
"517",625.6,472.2
"518",623.7,463
"519",618.4,457.9
"520",613.1,448.65
"521",600,435.9
"522",556.8,342
"523",550.8,335.75
"524",551.6,333.6
"525",543.1,332.8
"526",544.55,327
"527",542.1,323.1
"528",541,318.2
"529",538.6,314.4
"530",536,309.5
"531",533.4,306.5
"532",534.2,307.2
"533",559.45,291.95
"534",555.7,290.8
"535",553.4,288.2
"536",561.2,288.7
"537",558.3,285.3
"538",564.35,285.4
"539",569.9,280.1
"540",574,278.5
"541",577.8,273.95
"542",578.1,269.9
"543",579.8,264
"544",583,263
"545",544.9,285.3
"546",539.7,295
"547",541.25,293.7
"548",541.8,287.8
"549",545.4,288.3
"550",549.3,285.45
"551",630.2,318.1
"552",649.1,355.9
"553",646.5,356.75
"554",645.3,356.4
"555",642.4,352.9
"556",642.85,348.6
"557",644.4,348.6
"558",643.1,348
"559",641,346.8
"560",642.1,345.8
"561",641.5,347.7
"562",642.9,347.8
"563",641.9,348.4
"564",640.8,347
"565",636.95,347
"566",634.7,343.4
"567",629.1,341.2
"568",648.75,344.2
"569",685.4,404.5
"570",681.3,404.2
"571",671.9,399.8
"572",672.3,397.2
"573",670.4,398.4
"574",666.3,395.65
"575",668,394.1
"576",727.1,405.8
"577",729.7,413.15
"578",726.3,405.4
"579",721.3,399.8
"580",716.95,393.5
"581",714,385.3
"582",709.3,378.7
"583",705.4,372
"584",706.5,368.3
"585",703.9,359.5
"586",701.45,354.6
"587",699.1,348.2
"588",659.3,341.6
"589",652.9,334.2
"590",644.4,325.1
"591",640.4,321.9
"592",637.05,315
"593",634.5,310
"594",628.8,305.9
"595",627.25,301.3
"596",618.2,295.6
"597",617.1,292
"598",609.8,287.5
"599",610.2,284.9
"600",607.6,280.2
"601",598.9,277.35
"602",600.4,274.1
"603",593.5,270.2
"604",595,266.85
"605",590.1,263.4
"606",586.2,263.1
"607",584.4,260.1
"608",578.4,257.7
"609",678.2,303.9
"610",821.55,403
"611",822.1,402.1
"612",815,397.4
"613",805.75,393.75
"614",799.9,386.5
"615",796.8,383.4
"616",792.55,380.35
"617",788.6,377.5
"618",784.2,373.2
"619",776.55,365.15
"620",770.9,362.9
"621",769.3,361.1
"622",763.65,359.8
"623",754.5,359
"624",749.6,355.3
"625",747.5,354.4
"626",747.6,350.3
"627",741.6,351.7
"628",736.15,351.75
"629",747.5,375.3
"630",745,375.8
"631",743.6,379.3
"632",739.2,381.3
"633",732.2,379.3
"634",731.15,375.55
"635",727,368.7
"636",719,366.1
"637",718.1,365.6
"638",717.9,363.1
"639",713.9,359.6
"640",714.7,356.7
"641",710.1,349.8
"642",709.1,348.9
"643",719.05,345.9
"644",868,286.9
"645",866.6,267.8
"646",861.7,265.5
"647",852.9,262.8
"648",849.1,263.8
"649",848.1,263.25
"650",846.9,260.6
"651",842.5,256.2
"652",837.15,253.35
"653",842.5,237
"654",839.7,220.9
"655",836.35,217.6
"656",832,216.9
"657",826.2,215.9
"658",824.15,215.8
"659",818.9,214.6
"660",815.6,213.2
"661",813.7,214
"662",811.6,213.2
"663",805.5,215.2
"664",803.7,212.15
"665",801,212.9
"666",796.1,211.2
"667",795.7,210.75
"668",792.8,212.7
"669",713,342.4
"670",-999,-999
"671",-999,-999
"672",672.9,768.6
"673",665.25,469.35
"674",649.5,450.4
"675",641.7,482.7
"676",542.4,460.65
"677",534.2,446.7
"678",537,447.6
"679",539.7,445.65
"680",541.6,438.3
"681",546,430.2
"682",547.95,421.95
"683",685.7,408.3
"684",1014.5,349.2
"685",1008.5,335.9
"686",989.3,329.6
"687",981.1,329.5
"688",975.25,323.6
"689",967.5,322.9
"690",964.2,318.6
"691",959.05,313.75
"692",951.8,310.9
"693",944.7,302.1
"694",939.75,300.1
"695",929.7,296.5
"696",926.1,299.3
"697",916.35,292.65
"698",909.6,295.4
"699",905.4,291.1
"700",897.7,292.45
"701",894.5,288.4
"702",888.2,285.8
"703",882.25,288.2
"704",751.2,457.9
"705",747.6,549.4
"706",749.7,542.95
"707",745.7,536.6
"708",739.5,528.7
"709",733.5,521.5
"710",732.1,514.8
"711",732.3,508.3
"712",728.8,501.7
"713",727,495.9
"714",726.1,493.5
"715",722.75,487.55
"716",721.7,481.1
"717",717.7,473.3
"718",712.35,469.6
"719",712.6,464.9
"720",711,462.6
"721",707.3,454.35
"722",702.6,446.9
"723",701.5,445.3
"724",813.2,422.95
"725",886.3,379.4
"726",883.4,377.7
"727",873.45,374.45
"728",868.7,376.2
"729",865.1,370.2
"730",861.15,368.15
"731",858.6,363.4
"732",854.5,362.6
"733",848.75,361.9
"734",847,363.9
"735",843.2,362.5
"736",840.55,356.4
"737",833.5,358.3
"738",832.5,361.7
"739",827.35,352.25
"740",821.7,352.5
"741",818.9,351.9
"742",807.45,347.75
"743",803,347.2
"744",763.6,335.4
"745",714.9,296.65
"746",714.5,291.2
"747",713.5,287
"748",711.3,287.15
"749",710.4,285
"750",708.1,283.3
"751",708,283.95
"752",661.5,269.2
"753",622.2,232.1
"754",621.8,229.8
"755",621.5,230.1
"756",624,229.4
"757",625.75,229.55
"758",626.5,228.6
"759",778.9,334.8
"760",858.45,442.2
"761",849.9,444.4
"762",844.4,439.5
"763",837.45,434.55
"764",833.9,427.9
"765",835.2,427.5
"766",1014.6,522.75
"767",1037.5,546.3
"768",1034.4,540.3
"769",1028.1,530.1
"770",1023.4,527.4
"771",1007.8,519.1
"772",1000.75,518.6
"773",1065.7,574.7
"774",1069.5,591.1
"775",1061.55,579.8
"776",1053.4,573.8
"777",1046.2,559.7
"778",1039.75,547.35
"779",1032.3,531.3
"780",1024.4,529.1
"781",1012.25,522.75
"782",1001.2,517.7
"783",1001.3,513.3
"784",991.5,511.7
"785",980.1,507.8
"786",971.1,504.7
"787",964.55,493.5
"788",960.3,491
"789",945.5,485
"790",942.1,483.35
"791",931.5,473.1
"792",921.2,472.7
"793",920.05,465.95
"794",905.9,463.2
"795",900.9,460.6
"796",888.6,455.6
"797",881.2,458
"798",876,450.2
"799",863,447.05
"800",857.1,446
"801",852.5,437.9
"802",845.3,437.4
"803",840.4,437.2
"804",835.3,434
"805",828.6,433.25
"806",885.5,452.2
"807",942.4,534.9
"808",942.8,540.05
"809",930.8,532.2
"810",926.4,530.2
"811",919.9,528.05
"812",909.8,523.1
"813",904.5,516.7
"814",897.95,513.1
"815",889.8,509
"816",885,508.1
"817",877.3,503.65
"818",871.7,505.8
"819",867,499.8
"820",862.3,499.1
"821",853.4,494.4
"822",850.7,492.7
"823",843.65,486.65
"824",839.7,488.9
"825",837.2,486.5
"826",833.4,480.85
"827",829.2,480.2
"828",823.8,478.3
"829",818.65,474.05
"830",814.5,474.9
"831",793.9,465.3
"832",793.65,461.9
"833",785.7,453
"834",780.7,452.3
"835",776.4,450.6
"836",853.75,545.5
"837",-999,-999
"838",-999,-999
"839",-999,-999
"840",-999,-999
"841",527.8,630.4
"842",706.3,283.1
"843",692.6,239.2
"844",693.15,261.25
"845",693.6,265.6
"846",693.4,272
"847",689.2,276.2
"848",685.4,280.1
"849",681.9,281
"850",680.75,279.75
"851",680,281.9
"852",673.5,285
"853",669.5,284.3
"854",669.6,290.1
"855",660.3,291.5
"856",660.4,291.5
"857",654.1,295
"858",657.7,296.6
"859",655.7,298.3
"860",752.9,511.7
"861",746.3,567.6
"862",732.45,564.3
"863",729.9,560.4
"864",728.2,557.8
"865",727.3,557
"866",717.3,554.2
"867",711.5,555.1
"868",712.3,550.15
"869",702.5,549.4
"870",746.5,473
"871",879.45,216.8
"872",873.3,173.4
"873",870,175.2
"874",867.15,178.7
"875",862.6,182.7
"876",859.5,181.9
"877",689,165.8
"878",577.2,122.7
"879",581.2,120.4
"880",587.55,120.8
"881",589.4,126.8
"882",592.4,127.4
"883",590.25,131.55
"884",590,133.3
"885",591.3,135.1
"886",592.9,132.55
"887",604.1,25.6
"888",607,2.5
"889",608.05,7.05
"890",607.1,13.7
"891",609,16.9
"892",612.4,19.35
"893",616.3,20.1
"894",616.9,22.9
"895",617,24.45
"896",617.4,28.8
"897",622.6,30.1
"898",625.15,30.2
"899",624.7,31.8
"900",627.4,33.4
"901",625.35,27.2
"902",612.3,3
"903",611.4,2.1
"904",613.05,4.3
"905",617.5,6.7
"906",689.1,11.5
"907",1160.95,28
"908",1242.15,70.05
"909",1238.7,70.7
"910",1236.45,69.7
"911",1234.8,71.6
"912",1234.2,71.3
"913",1233.7,70.5
"914",1233.25,72.7
"915",1232.8,72.4
"916",1212.5,79.9
"917",776.7,329.3
"918",549.95,531.45
"919",552.2,561.5
"920",558.4,552.8
"921",562.7,549.6
"922",566.25,544.6
"923",570.3,543.55
"924",577.1,540.1
"925",625.95,600.9
"926",634.8,603.9
"927",627.6,596.5
"928",626.8,591.2
"929",632.4,587.1
"930",624.1,584.6
"931",625.25,578.75
"932",594.7,600.1
"933",594.8,603.3
"934",598.8,601.7
"935",594.15,596.1
"936",598.1,593.7
"937",602.6,595.3
"938",604.2,595
"939",601,588.15
"940",605.7,590.2
"941",611.6,591.3
"942",613.15,588.45
"943",608.8,582.9
"944",608.5,576.65
"945",615.8,575.2
"946",616,574.1
"947",617.65,573.95
"948",618.5,571.3
"949",616.7,570.6
"950",715.4,366.2
"951",718.1,341.8
"952",713.2,342.8
"953",713.85,347.4
"954",711.9,346.2
"955",711.1,347.6
"956",958.5,184.05
"957",1146.1,59.2
"958",1144.1,57.9
"959",1135,67.4
"960",1124.75,74.15
"961",1117.9,80.2
"962",1109.9,87
"963",1104.8,92.9
"964",1093.8,107.7
"965",1079,117.6
"966",1063.9,127.65
"967",1052.5,144.3
"968",1034.2,156.65
"969",1019.8,175.5
"970",998.1,194.3
"971",977.55,206.6
"972",967.2,219
"973",1069.4,123.7
"974",1062.6,113.9
"975",1038.4,125.7
"976",1018.1,141.9
"977",1003.45,150.35
"978",990.2,160.5
"979",976.6,172.6
"980",961.3,178
"981",950.1,184.2
"982",942.8,193.5
"983",936.1,201.3
"984",926.25,207.15
"985",915.9,213.1
"986",899.05,219.6
"987",885.9,226.7
"988",874,235.5
"989",867.2,243.95
"990",852.8,254.9
"991",841.1,256.2
"992",831,266
"993",827,274.45
"994",819.4,282.6
"995",811,285.5
"996",803.8,288.9
"997",793.6,292.7
"998",781.5,294
"999",771.2,299
"1000",773.9,302.6
"1001",-999,-999
"1002",-999,-999
"1003",668.05,800.7
"1004",689.55,410.3
"1005",658.3,273.2
"1006",646.2,297.2
"1007",634.8,308.6
"1008",621.7,311.9
"1009",620.6,315.4
"1010",649.1,320.7
"1011",646.6,321.6
"1012",640.4,324.3
"1013",638.5,324.2
"1014",639,326.5
"1015",639.7,327.4
"1016",639.45,328.3
"1017",639.6,327
"1018",662.5,346.4
"1019",660.55,349.75
"1020",658.9,346.9
"1021",665.8,341.8
"1022",664.15,340.1
"1023",662,335.1
"1024",663.8,334.7
"1025",663.9,334.5
"1026",663.8,332.2
"1027",660.4,327.2
"1028",662.15,327.85
"1029",665.4,328.1
"1030",665.6,328.5
"1031",658.9,323.95
"1032",658.8,325.9
"1033",660.5,326.7
"1034",655.7,326.5
"1035",655.5,325.65
"1036",656.4,324.5
"1037",654.7,325.1
"1038",655.2,324.85
"1039",655.9,326.3
"1040",799.3,479.25
"1041",820.2,561.7
"1042",823.7,562.4
"1043",825.05,558.7
"1044",826,559.4
"1045",825.1,558.8
"1046",825.05,561.3
"1047",825.3,562.2
"1048",825.9,563.4
"1049",826.2,564.8
"1050",1064.5,561.35
"1051",1101.5,545.7
"1052",1094.15,548.15
"1053",1088.8,550.7
"1054",1080.3,552.1
"1055",1074.75,550.95
"1056",1075.2,549.3
"1057",1070.5,546.2
"1058",1064.15,544
"1059",1060.8,543.2
"1060",1060.7,540.6
"1061",1053.25,539.55
"1062",981.7,576.1
"1063",977.7,590.1
"1064",975.95,591.7
"1065",978.1,591
"1066",970.9,592.6
"1067",994.15,576.8
"1068",991.1,553.5
"1069",987.7,554.9
"1070",987,555.2
"1071",988.3,556.1
"1072",986.3,557
"1073",985.2,551.8
"1074",984.5,549.7
"1075",1099.2,531.5
"1076",1099.75,525.25
"1077",1098.4,523.9
"1078",1093.9,525.9
"1079",1087.8,520.3
"1080",1090.6,514.4
"1081",1050.6,510.2
"1082",621.55,424.65
"1083",609.3,412.1
"1084",618.5,419.1
"1085",620.75,420.25
"1086",619.6,417.9
"1087",616.1,415.4
"1088",613.5,416.95
"1089",613.7,420.2
"1090",612.2,423.3
"1091",610.45,426.5
"1092",610.3,429
"1093",567.6,317.7
"1094",566.05,301.25
"1095",564.9,301.1
"1096",561.7,303.5
"1097",558,305.05
"1098",560.4,306
"1099",559.8,306.6
"1100",809.5,247.6
"1101",1032,255.55
"1102",-999,-999
"1103",-999,-999
"1104",1100.25,748.4
"1105",1015.9,297.1
"1106",1003.15,278.5
"1107",998.8,303.7
"1108",999.2,307.8
"1109",998.9,306.5
"1110",997.6,304.6
"1111",996.1,302.1
"1112",992.9,301.7
"1113",987.6,299.7
"1114",983.2,300.7
"1115",977.2,301.4
"1116",971.3,300.4
"1117",966,300.6
"1118",961.1,301.7
"1119",957,303.3
"1120",949.7,304
"1121",941.65,299.95
"1122",942.6,303.7
"1123",930,300.2
"1124",928.3,300.15
"1125",922.4,303.8
"1126",919,303.4
"1127",913.05,304.85
"1128",911.8,305.8
"1129",908.1,303.9
"1130",908.85,304
"1131",904,304
"1132",899.5,303.6
"1133",825.7,329.4
"1134",582.7,432
"1135",578.6,446.2
"1136",576.4,445.65
"1137",578.4,449.6
"1138",580.8,450.5
"1139",583.5,450.6
"1140",583.3,449.6
"1141",582.6,453.2
"1142",586.1,454.35
"1143",592.1,454.4
"1144",598.1,455.7
"1145",598.6,456.9
"1146",596.9,460.3
"1147",670.8,481.3
"1148",681.1,497.05
"1149",678.9,500.3
"1150",678.3,500.5
"1151",679.6,502.6
"1152",679.1,503.5
"1153",681.7,505.3
"1154",686.6,507.4
"1155",690.4,504.8
"1156",687.4,505.6
"1157",685.6,506.4
"1158",689.8,510
"1159",740.3,495.8
"1160",942.85,255
"1161",937.6,246.3
"1162",932.2,254.2
"1163",930,258.4
"1164",926.4,263.7
"1165",922.1,263.5
"1166",916.6,263.5
"1167",911.9,264.5
"1168",903.1,261.7
"1169",900.2,261.6
"1170",897.3,258.8
"1171",890.1,258
"1172",878.65,257.3
"1173",870.3,257.2
"1174",866.3,257
"1175",857.35,258.85
"1176",851.3,261.7
"1177",825.8,436.4
"1178",824.3,460.6
"1179",818.2,458
"1180",813.9,461
"1181",813.35,460.6
"1182",801.7,457.9
"1183",797.4,457.9
"1184",794.8,458.15
"1185",789.4,455.6
"1186",780.1,456
"1187",771.15,454.5
"1188",764.2,450.7
"1189",759.5,449.5
"1190",750.5,450.9
"1191",739.8,449.7
"1192",730.8,446
"1193",715.55,442.4
"1194",712.1,442.4
"1195",825.5,547.5
"1196",817.65,549.1
"1197",803.7,543.1
"1198",779.4,536
"1199",766.15,532.4
"1200",757,523.1
"1201",738.8,518.1
"1202",725.1,515.1
"1203",711.8,509.2
"1204",696.5,508.6
"1205",684.4,502.4
"1206",674,499
"1207",725.7,465.8
"1208",795.45,342.4
"1209",780.9,329.5
"1210",765.4,325.5
"1211",751.15,325.6
"1212",735.1,328.1
"1213",724.4,323.8
"1214",715.45,313.3
"1215",704.7,312.4
"1216",692.3,310.3
"1217",686.65,307.4
"1218",677.3,303
"1219",667.7,304.3
"1220",656.55,308.35
"1221",649.3,309.3
"1222",650.6,303.4
"1223",659.55,232
"1224",653.2,225.7
"1225",646,228.9
"1226",640.95,231.05
"1227",637.2,234.4
"1228",632.9,237.2
"1229",631.1,239.85
"1230",629.4,243.3
"1231",622.6,245.2
"1232",356.4,718.4
"1233",-999,-999
"1234",-999,-999
"1235",-999,-999
"1236",405.8,669.95
"1237",402.4,413.1
"1238",390.35,436.55
"1239",389,465
"1240",388.5,465
"1241",389.65,468.4
"1242",389.8,469
"1243",389.7,469.1
"1244",390.2,471.65
"1245",387.1,470.9
"1246",389,469.2
"1247",390.05,466.3
"1248",392.8,465
"1249",385.7,463.6
"1250",388.55,463.75
"1251",382.2,458.3
"1252",178.9,334.6
"1253",169.2,303.55
"1254",179,304.4
"1255",190.2,301.2
"1256",196.35,297.1
"1257",210.8,295.2
"1258",215,282.3
"1259",426.5,240.65
"1260",466.1,218.4
"1261",466.3,214.4
"1262",466.65,215.25
"1263",467.3,214.8
"1264",472.3,215.5
"1265",497.55,208.5
"1266",561.6,147.8
"1267",562.1,145.8
"1268",560.9,146.65
"1269",558.2,150.7
"1270",554,153.1
"1271",556.55,155.5
"1272",557.9,162.6
"1273",559.1,164.4
"1274",558.8,167.65
"1275",558.5,168.2
"1276",578.6,171.8
"1277",684.15,187.95
"1278",690.5,185.6
"1279",694.4,191.7
"1280",699.6,191.15
"1281",706.9,194
"1282",708.7,194.5
"1283",712.15,194.9
"1284",712,194.7
"1285",713.7,210.6
"1286",723.65,251.7
"1287",723.8,255
"1288",727.15,255
"1289",724.1,249.1
"1290",724.5,247.2
"1291",726.05,249.85
"1292",594.5,315.2
"1293",572.6,320.5
"1294",577.1,322.3
"1295",573.95,324.3
"1296",575.2,323.9
"1297",576.55,323.45
"1298",576.4,322.6
"1299",578.8,326.2
"1300",513.65,336.45
"1301",513.3,338.4
"1302",516.2,343.5
"1303",516.2,340.9
"1304",518.2,339.9
"1305",515.1,342.4
"1306",502.3,289
"1307",503.45,208.9
"1308",503.9,209.1
"1309",504.8,211.6
"1310",506.1,214.2
"1311",507.1,216.1
"1312",503.9,216
"1313",500.6,213.4
"1314",610.3,245.1
"1315",616.8,248.9
"1316",617.3,246.35
"1317",617.3,244.3
"1318",616.55,243.25
"1319",704.1,245.4
"1320",706.5,253.5
"1321",704.8,254.85
"1322",704.7,256.1
"1323",708.4,259.3
"1324",713.1,258.15
"1325",708.4,254.9
"1326",706.9,253.5
"1327",712.7,251.5
"1328",710,251.15
"1329",714.5,248
"1330",716.65,248.3
"1331",706.7,248.6
"1332",541.7,329.9
"1333",535.35,340.25
"1334",538.3,337.2
"1335",543,336.7
"1336",543.15,334.25
"1337",524.4,338.1
"1338",476.2,375
"1339",475.5,381.8
"1340",476.1,381.3
"1341",478.1,378.5
"1342",478.45,379.25
"1343",476.2,378.9
"1344",476.4,376.4
"1345",475.6,373.55
"1346",474.6,374.7
"1347",473.1,372.4
"1348",473.9,369.45
"1349",474.1,367.9
"1350",474.7,365.7
"1351",438.55,361.6
"1352",439.7,361.7
"1353",436.6,360.4
"1354",438.45,362.05
"1355",439.8,363.1
"1356",439.1,364.9
"1357",437.8,364.85
"1358",434.1,364.9
"1359",437.4,370.3
"1360",437.6,370.25
"1361",434,369
"1362",431,368.2
"1363",427.75,368.9
"1364",426.8,370.4
"1365",402,387.3
"1366",401.65,390.75
"1367",402.2,391.3
"1368",401.4,393.1
"1369",400.1,390.45
"1370",400.2,389.7
"1371",362.3,481.5
"1372",359.1,532.05
"1373",353.1,529.6
"1374",365.3,527.2
"1375",368.3,527.05
"1376",370.5,522.6
"1377",376.8,521.4
"1378",619.75,475.8
"1379",871.1,429.5
"1380",869.2,429.3
"1381",864.5,429.2
"1382",861.9,427.4
"1383",865.5,427.8
"1384",862.8,428.95
"1385",862.9,428.7
"1386",869.2,427.8
"1387",866.2,424.65
"1388",870.1,424.1
"1389",860.4,426.1
"1390",637.95,456.35
"1391",640.6,455.8
"1392",646.4,454
"1393",647.05,451.15
"1394",651,449.8
"1395",655.2,448.5
"1396",657.55,447.05
"1397",550.4,472.7
"1398",369.1,492.1
"1399",372.4,496.55
"1400",381.3,493.4
"1401",380.1,494.2
"1402",389.2,490.9
"1403",387.7,488.9
"1404",392.3,487.5
"1405",398.95,486.15
"1406",398.9,486.6
"1407",400.6,487.2
"1408",404.7,484.7
"1409",405.4,480.9
"1410",504.9,462.2
"1411",634.5,407.7
"1412",631.2,405.5
"1413",625.7,407.6
"1414",626.3,404.8
"1415",625,402.2
"1416",626.1,401.6
"1417",627.65,403.3
"1418",623.3,401
"1419",626,397.2
"1420",627.15,394.1
"1421",628.4,394.5
"1422",632.1,394.8
"1423",635.3,394.4
"1424",636.3,393
"1425",638.4,391.9
"1426",644.3,388.65
"1427",640.9,388.4
"1428",646.9,387.3
"1429",648.85,387.8
"1430",647.9,387.4
"1431",645.1,388.4
"1432",647.4,389
"1433",648.2,388.1
"1434",647.9,389.7
"1435",625.95,390.65
"1436",469.7,393.4
"1437",470,389.9
"1438",474.15,389.8
"1439",477.8,390.7
"1440",487,392.7
"1441",491.1,395.45
"1442",490.1,396.4
"1443",494.5,394.5
"1444",500.8,394.95
"1445",632.9,413.3
"1446",722.5,463.3
"1447",718.9,462.55
"1448",716.9,462.4
"1449",712,460.4
"1450",711.6,460.75
"1451",709.2,458.1
"1452",711.9,458.1
"1453",714,456.45
"1454",713.2,453.5
"1455",714.5,452.7
"1456",698.15,448.35
"1457",263.8,-999
"1458",583.7,743.4
"1459",630.15,381.1
"1460",648.5,364.3
"1461",643.3,386.9
"1462",643.2,383.35
"1463",646.3,389.3
"1464",648.5,386.2
"1465",649.65,383.15
"1466",649.5,375.3
"1467",648.5,371
"1468",646.3,371.3
"1469",643,372.2
"1470",642.9,374.5
"1471",644.6,373.5
"1472",641.7,369.6
"1473",637.2,369.8
"1474",635.1,370.65
"1475",636.9,372.6
"1476",634.7,372.5
"1477",631.4,370.85
"1478",628.3,371.8
"1479",629.6,372.5
"1480",632.15,372.4
"1481",632.1,376.2
"1482",632.8,377.2
"1483",677,424.3
"1484",677.8,530.5
"1485",680.5,536.4
"1486",680.6,536.95
"1487",681.5,533.4
"1488",683.5,533.3
"1489",684.85,533.1
"1490",685.4,531.9
"1491",684.2,528.4
"1492",687.9,527.65
"1493",691.1,526.7
"1494",689.6,524.9
"1495",695,525.65
"1496",693.9,523.1
"1497",693.5,525
"1498",693.25,520.45
"1499",693.5,522.6
"1500",693.3,443.9
"1501",683.25,388.3
"1502",678.8,391.4
"1503",676.9,396.8
"1504",676.85,396.2
"1505",677.2,393.3
"1506",678.9,393
"1507",679.7,395.85
"1508",676.3,395.3
"1509",676.5,396.2
"1510",681,398.4
"1511",681.8,399.7
"1512",679,398.5
"1513",679.4,398.35
"1514",680.7,399.2
"1515",681.3,401.6
"1516",679.9,405.3
"1517",679.8,405.8
"1518",681.6,406.1
"1519",682.25,410.7
"1520",684.5,413.8
"1521",686.8,417
"1522",712.3,503.1
"1523",717.6,520.1
"1524",718.7,518.8
"1525",715.35,518.7
"1526",716.3,519.3
"1527",715.3,518.5
"1528",715.25,517.8
"1529",715,519.4
"1530",717.6,515.9
"1531",722.15,515.25
"1532",721.6,513
"1533",721.3,512.9
"1534",722.25,511.8
"1535",723.9,511
"1536",724.1,511.1
"1537",725.3,510.5
"1538",727,509.1
"1539",724.1,509
"1540",726.95,508.55
"1541",727.1,507.5
"1542",728.2,508.1
"1543",728.5,506.7
"1544",727.2,508.9
"1545",730,505.4
"1546",728.2,500.6
"1547",728,497.8
"1548",727.2,497.9
"1549",726.9,497.45
"1550",725.8,497.5
"1551",725.7,497.7
"1552",723.75,494.75
"1553",722.9,490.9
"1554",722.9,491.1
"1555",722.8,490.6
"1556",722.8,492.2
"1557",723.4,492.9
"1558",719.35,492.4
"1559",716,494.3
"1560",716.9,499.1
"1561",721.75,498.4
"1562",723.3,500.8
"1563",722.5,502.4
"1564",720.55,503.15
"1565",724.9,500.1
"1566",794.2,544.2
"1567",791.55,545.35
"1568",789.4,544.8
"1569",790,542.2
"1570",793.7,541.7
"1571",794.9,541.6
"1572",789.6,538.4
"1573",788.55,537.25
"1574",787.7,530.4
"1575",785.2,526.4
"1576",782.15,522.7
"1577",783.5,525.2
"1578",773.6,545.25
"1579",-999,-999
"1580",-999,-999
"1581",-999,-999
"1582",-999,-999
"1583",641.7,820.85
"1584",647.5,564.3
"1585",644.75,515.5
"1586",628.9,546.6
"1587",623,559.7
"1588",622.8,571.05
"1589",627.4,572.6
"1590",625.4,568.4
"1591",624,574.3
"1592",627.1,576
"1593",627.1,577.3
"1594",621.35,577.3
"1595",626.4,577.3
"1596",628.1,577.2
"1597",628.1,573.55
"1598",624.2,570.4
"1599",621.4,572
"1600",622.6,569.35
"1601",625.3,568
"1602",624.9,566.2
"1603",622,562.1
"1604",621.1,560.8
"1605",620.1,557
"1606",613.65,555.95
"1607",612.3,556.5
"1608",611.4,550.9
"1609",611.5,548.2
"1610",692.7,528.9
"1611",794.2,464.4
"1612",793.5,463.85
"1613",792.9,460
"1614",785.3,459.1
"1615",779.25,459.65
"1616",778.2,459.6
"1617",782.9,464.1
"1618",782.65,465.25
"1619",775.3,466.1
"1620",782.5,472.9
"1621",786.3,476.55
"1622",787.1,479.8
"1623",786.9,480.8
"1624",787,482.15
"1625",783.5,482.5
"1626",777,485.1
"1627",775.45,487.8
"1628",773.9,490.2
"1629",773.7,493.6
"1630",769.65,493.7
"1631",767.5,494.4
"1632",765.2,494.5
"1633",763.95,496.55
"1634",762.9,497.3
"1635",760.7,497.7
"1636",760.15,500
"1637",759.4,499.9
"1638",765.7,502.6
"1639",765.5,500.5
"1640",760.4,500.6
"1641",757.2,501.1
"1642",755.95,500.5
"1643",757.9,498.7
"1644",758.8,497.3
"1645",754.5,496.25
"1646",749.4,493.4
"1647",749.9,492.8
"1648",750.2,490.45
"1649",742.7,487.3
"1650",736.6,484.4
"1651",730.95,482.65
"1652",727.3,481.5
"1653",721.3,484
"1654",717.5,484
"1655",715.8,483.2
"1656",711.3,482.1
"1657",703.65,484.95
"1658",826.6,453.9
"1659",1180.6,218.3
"1660",1188.2,192.65
"1661",1164,195.6
"1662",1138.8,199.7
"1663",1119,205.8
"1664",1097.5,209.8
"1665",1079.1,212.1
"1666",1068.3,214.3
"1667",1054.7,216.1
"1668",1041.4,210.5
"1669",1030.45,212.85
"1670",1016.9,213.6
"1671",1002.9,221.2
"1672",994.65,223.55
"1673",983.5,227.6
"1674",974.3,226.6
"1675",964.15,227.6
"1676",953.3,234.5
"1677",940.6,238
"1678",930.7,244.45
"1679",922.2,248.7
"1680",913.45,249.2
"1681",907.8,252
"1682",898.6,254.6
"1683",832.1,278.4
"1684",827.2,279.9
"1685",820.6,281.1
"1686",811.9,282.6
"1687",805.85,283.8
"1688",800.7,284.8
"1689",936.9,318.3
"1690",962.9,325
"1691",955.1,324.8
"1692",950.3,324.3
"1693",943,323.2
"1694",936.9,324.5
"1695",990.4,305.75
"1696",979.5,300
"1697",971.45,299.45
"1698",958.2,298.7
"1699",939.8,296.5
"1700",934.7,299.2
"1701",916.25,297.8
"1702",908.7,298.3
"1703",904.25,299.15
"1704",894.95,301.65
"1705",882.75,300.2
"1706",878.35,297.1
"1707",873.7,296.3
"1708",870.1,295.9
"1709",1002.95,365.4
"1710",1114.5,446.4
"1711",1111,447.6
"1712",1101.4,448.35
"1713",1095.1,444.1
"1714",1097.9,444.7
"1715",1090.9,446.5
"1716",1085.6,441.1
"1717",1081.6,441.6
"1718",1081.2,444.05
"1719",1078.3,445
"1720",1068.2,445.2
"1721",1066.25,447.2
"1722",1064.9,448
"1723",1054.9,452.1
"1724",1047.25,452.05
"1725",1046,452.5
"1726",1043.6,452.8
"1727",1037.2,451.3
"1728",1028.9,449.2
"1729",958.5,384.5
"1730",946.55,369.75
"1731",942.8,368.4
"1732",938.6,362.3
"1733",929.9,357.85
"1734",919.4,349.9
"1735",912.6,348.9
"1736",905.45,343.4
"1737",910.1,367.5
"1738",-999,-999
"1739",-999,860.95
"1740",1067.2,423.5
"1741",1044.1,362.7
"1742",1033,358.3
"1743",1023.3,365.2
"1744",1017.2,372.2
"1745",1002.9,366.75
"1746",990.7,370.6
"1747",985.4,373.8
"1748",981.15,372.65
"1749",977,376.5
"1750",967.7,379.7
"1751",1038.15,386.6
"1752",1180.5,387.1
"1753",1176.8,385.1
"1754",1168.6,380.75
"1755",1163.5,378.3
"1756",1155.8,369.5
"1757",1146.9,368.45
"1758",1140.4,359.2
"1759",1138.1,356.8
"1760",1127.55,358.8
"1761",1122,358
"1762",1117.2,359.6
"1763",1107.2,360.6
"1764",1096.6,362.3
"1765",1090.2,367.3
"1766",1085.2,367.95
"1767",1080.7,366.4
"1768",1076.2,374
"1769",1067.15,377.7
"1770",1064.2,383.5
"1771",1061.2,385.4
"1772",1047.85,384.1
"1773",1041.9,388.7
"1774",1038.7,393.8
"1775",1031.7,395.45
"1776",1022,395.7
"1777",1016.8,403.2
"1778",1012.25,403.4
"1779",1008,405.4
"1780",1003.3,406.5
"1781",1166.5,407.25
"1782",1164.7,406
"1783",1158.4,410.8
"1784",1144.65,411.1
"1785",1140.3,411.9
"1786",1129.5,411.4
"1787",1128.2,410.55
"1788",1118.7,409
"1789",1110.6,408.8
"1790",1102.95,409.7
"1791",1098.9,409.7
"1792",1089.8,406.7
"1793",1081.1,407
"1794",1074,413.4
"1795",1071.9,408.5
"1796",1066.65,408.3
"1797",1055.5,409.9
"1798",1048.5,413.5
"1799",1041,416.05
"1800",1036.3,419.3
"1801",1032.3,419.3
"1802",1027.9,419.8
"1803",1020.8,422
"1804",1013,422.4
"1805",1004.75,421.7
"1806",1000.1,422.8
"1807",995.9,422.5
"1808",986.05,423.7
"1809",979.9,427.4
"1810",978.1,426.9
"1811",969.6,430.05
"1812",962.2,431.6
"1813",956,432.9
"1814",954.2,435.4
"1815",950.5,435.7
"1816",943.9,436.4
"1817",940.4,435.3
"1818",935.9,430.3
"1819",930.2,431
"1820",924.85,431.05
"1821",919.5,434.7
"1822",961.5,440
"1823",1196.3,443.8
"1824",1181.5,438.1
"1825",1167.8,438.5
"1826",1157.25,437.2
"1827",1142,431.8
"1828",1128.1,431.3
"1829",1111,431.15
"1830",1097.8,427.4
"1831",1084.9,426.9
"1832",1070.55,428
"1833",1063.2,427.4
"1834",1211.1,453.4
"1835",1222.9,455.6
"1836",1211.8,450.3
"1837",1200.9,449.4
"1838",1189.55,446.5
"1839",1154.1,450.6
"1840",882.6,515.5
"1841",869.2,516.1
"1842",869.7,512.6
"1843",863.8,517.3
"1844",853.75,519.45
"1845",841.8,514.6
"1846",834.2,518
"1847",822.65,518.35
"1848",811.8,517.7
"1849",798.2,517.5
"1850",794.4,519.2
"1851",781.5,526.3
"1852",-999,-999
"1853",-999,-999
"1854",-999,-999
"1855",-999,-999
"1856",1092.4,-999
"1857",1040.1,518.7
"1858",1024.7,445.6
"1859",1010.4,444.85
"1860",1007.6,470.6
"1861",997.7,474.1
"1862",981.7,478.2
"1863",979.6,477.2
"1864",970.8,480.2
"1865",961.25,481
"1866",957.3,483.5
"1867",953.7,483.3
"1868",949.6,482
"1869",1091.3,474.3
"1870",1131.4,450.5
"1871",1120,448.35
"1872",1108,446.9
"1873",1097.3,447.2
"1874",1090.85,446
"1875",1078.2,444.8
"1876",1063.9,438.7
"1877",1048,437.7
"1878",1031.7,440.7
"1879",1017.6,438.3
"1880",1005.65,433
"1881",982,432.3
"1882",957.7,430
"1883",925.05,428.95
"1884",799,420.6
"1885",777,418.6
"1886",757.4,419.5
"1887",740.9,416.1
"1888",716.4,413.8
"1889",698.4,409.45
"1890",689.3,407.7
"1891",663.7,404.9
"1892",645.1,403.5
"1893",635,401.1
"1894",612,394.1
"1895",594.95,388.85
"1896",582.1,387.8
"1897",559.4,383.1
"1898",546.2,377.75
"1899",530.5,375.8
"1900",686.2,406.2
"1901",1104.25,521.85
"1902",1176.1,566.9
"1903",1161.4,561.2
"1904",1138.3,558.4
"1905",1121.9,550.2
"1906",1099,544.6
"1907",1073.5,537.6
"1908",1056.4,532.2
"1909",1047.1,526.7
"1910",1028.6,519.7
"1911",1018.9,516.4
"1912",1004.9,511
"1913",985.65,507.65
"1914",977.8,501.2
"1915",952.8,498.8
"1916",943.35,495.65
"1917",931.3,489
"1918",918.9,487.9
"1919",902.35,483.7
"1920",890.2,484.8
"1921",883.1,485.7
"1922",874.5,483.15
"1923",866.2,481.5
"1924",857.8,478.5
"1925",854.4,475.1
"1926",604,498.6
"1927",523.3,500.5
"1928",528.55,498.8
"1929",522.1,497.4
"1930",527.2,497.7
"1931",529.75,497.6
"1932",529.8,496.3
"1933",526.9,493.6
"1934",527.95,492.85
"1935",531.5,493
"1936",537.6,493.7
"1937",540.9,491.4
"1938",542.5,490
"1939",546.9,486.5
"1940",692,492.5
"1941",741.1,481
"1942",744.1,478.9
"1943",735.75,475.6
"1944",734.8,475
"1945",735.2,475.8
"1946",734.95,476.35
"1947",733.8,478.7
"1948",733.9,482.9
"1949",734.1,491
"1950",736.5,499
"1951",732.3,504.1
"1952",729.5,511.65
"1953",731.6,511.7
"1954",867.7,376.1
"1955",867.7,368.9
"1956",858,374.7
"1957",851.3,380.2
"1958",846.8,381.95
"1959",841.6,385.1
"1960",835.5,388.5
"1961",830.15,392.85
"1962",826.7,397.1
"1963",821.3,401
"1964",814.2,405.25
"1965",809.1,407.8
"1966",800.2,415.3
"1967",795.5,418.05
"1968",781.8,425.1
"1969",770,425.7
"1970",758.25,430.45
"1971",746.9,433.6
"1972",736.2,437.5
"1973",728,438.75
"1974",717.1,440.4
"1975",708.1,440.6
"1976",701.35,443.05
"1977",693.4,447.1
"1978",685.1,447.5
"1979",679.15,450.1
"1980",673.7,450.2
"1981",666.6,452.5
"1982",661.5,453.9
"1983",654.6,456.7
"1984",631.8,457.6
"1985",555.15,394.05
"1986",554.1,399.4
"1987",558.9,403.9
"1988",560.9,406.65
"1989",563.8,408.9
"1990",570.6,408.5
"1991",571.7,409.95
"1992",574.1,409.6
"1993",575.7,408.4
"1994",663.95,415.6
"1995",923.9,400.1
"1996",921.4,386.4
"1997",916.3,392.9
"1998",906.2,388.7
"1999",893,391.3
"2000",885.4,391.8
"2001",873,390.5
"2002",861.6,392.5
"2003",856.25,392.35
"2004",843.1,394.8
"2005",826.9,393.9
"2006",811.75,395.85
"2007",798.9,396
"2008",786.6,397.9
"2009",779.2,398.7
"2010",770.3,399.2
"2011",821.5,308.1
"2012",826.95,286.65
"2013",820.2,291.5
"2014",812.4,300
"2015",804.7,308.3
"2016",802.1,315.7
"2017",799.9,319.9
"2018",798.65,325.25
"2019",797.4,330
"2020",802.1,335.3
"2021",808.35,335.7
"2022",807.7,340.4
"2023",808.2,340.3
"2024",814.35,343.7
"2025",819.9,347.2
"2026",741.2,329.4
"2027",595.5,264.1
"2028",594.3,267.3
"2029",594.9,270.1
"2030",595.7,277.1
"2031",594.9,318.3
"2032",-999,-999
"2033",-999,-999
"2034",632.7,767.8
"2035",623.4,359.2
"2036",623.25,211.6
"2037",618.9,225.2
"2038",622.4,250.3
"2039",629.05,254.8
"2040",637.1,259
"2041",640.3,261.1
"2042",641.95,260.5
"2043",648.5,260.1
"2044",654.6,261.8
"2045",651,261.1
"2046",657.3,261.3
"2047",657.2,262.5
"2048",655.3,263.8
"2049",655.2,262.6
"2050",667.9,268.5
"2051",747.9,487.6
"2052",746.5,487.7
"2053",743.7,489.2
"2054",739.5,489.25
"2055",735.8,487.9
"2056",732.5,486.4
"2057",736.3,486.3
"2058",741.3,488.6
"2059",745.4,489
"2060",746.2,488.9
"2061",747.5,484.2
"2062",752.75,480.4
"2063",758.8,478.5
"2064",762.6,477.9
"2065",767.5,478.65
"2066",774.7,475.3
"2067",777.5,471.7
"2068",648.3,473.1
"2069",453.05,428.15
"2070",460.5,425.8
"2071",465.3,427
"2072",471.3,427.5
"2073",479.7,427.4
"2074",487.6,427.2
"2075",497.3,432.9
"2076",507.7,434.9
"2077",517.05,431.7
"2078",524.8,431.4
"2079",536,430.4
"2080",548.7,432.4
"2081",560.85,432.55
"2082",570.3,433.1
"2083",579.95,432.9
"2084",590.9,432.9
"2085",392.7,421.6
"2086",295.55,390.45
"2087",304.8,389.9
"2088",320.7,392.6
"2089",329.45,394.65
"2090",341.1,394
"2091",346.4,393.1
"2092",333.85,344.15
"2093",333.1,340.8
"2094",341.8,344.7
"2095",348.65,347.7
"2096",352.2,349.7
"2097",359.3,353.4
"2098",366.35,352.9
"2099",332.8,349.3
"2100",334.9,349.2
"2101",339.05,349.6
"2102",344.1,349.2
"2103",350.2,348.6
"2104",356.55,350.35
"2105",361.7,349.3
"2106",365.7,349.3
"2107",373.2,352.8
"2108",379.7,354.4
"2109",389.6,355.4
"2110",400.15,354.9
"2111",414.5,355.7
"2112",418,356.9
"2113",429.15,354
"2114",435.8,354.7
"2115",443.2,351.3
"2116",683.2,390
"2117",731.8,400.2
"2118",729.3,400.2
"2119",730.15,399.8
"2120",734,400.9
"2121",739.5,401.3
"2122",746.7,401.15
"2123",752.4,401.8
"2124",753.4,400
"2125",753.8,400.6
"2126",752.3,401.9
"2127",752.9,404
"2128",756.15,404.65
"2129",760.4,407.1
"2130",766.4,405.4
"2131",767.3,405.65
"2132",767.7,406.8
"2133",770,410.3
"2134",772.95,411.35
"2135",774,407.7
"2136",778.9,407.7
"2137",780.4,409.3
"2138",779.7,412
"2139",779.9,406.4
"2140",729.9,427.45
"2141",729.5,427.5
"2142",729.1,427.5
"2143",730.65,427.1
"2144",735,426.4
"2145",741.3,425.8
"2146",746,426.4
"2147",750.9,426
"2148",755.1,428.3
"2149",755.7,431.55
"2150",524.7,489.9
"2151",524.1,507.3
"2152",527.65,512.7
"2153",535.4,515.3
"2154",544.6,520.6
"2155",553.8,524.3
"2156",563.2,528.5
"2157",573.6,529.5
"2158",580.75,534.7
"2159",588.5,536.9
"2160",597.8,539.2
"2161",602.8,540.7
"2162",612.1,540.6
"2163",614.7,543.8
"2164",755.25,485.75
"2165",793.9,379.1
"2166",794.7,378.4
"2167",797.8,378.7
"2168",806.7,377.6
"2169",815.8,377.7
"2170",822.3,376.4
"2171",831.3,291.8
"2172",832.5,253.6
"2173",836.55,252.4
"2174",833.4,250.1
"2175",833.5,246.1
"2176",834.7,248.4
"2177",834.2,249
"2178",837.1,248.2
"2179",835.75,247.25
"2180",836.9,246.7
"2181",833.8,245
"2182",833.1,248.25
"2183",837.6,249.2
"2184",842.4,246.4
"2185",841.3,251.5
"2186",845.8,250.2
"2187",551.3,275
"2188",334.25,296.7
"2189",338,299.2
"2190",343,301.1
"2191",346.7,302.1
"2192",348.5,298.4
"2193",355.8,300.4
"2194",360.7,297.9
"2195",365.8,295.5
"2196",371.1,296.4
"2197",459.3,288.2
"2198",473.4,278.8
"2199",479.3,280.9
"2200",484.6,283.35
"2201",494,282.5
"2202",502.9,281.5
"2203",505.85,281.4
"2204",507,281
"2205",517.3,283.6
"2206",529.3,282.1
"2207",532.7,282.7
"2208",541.4,283.1
"2209",553.85,282.9
"2210",560.3,284.5
"2211",518,289.4
"2212",513.5,293.25
"2213",522.3,295
"2214",536,296.4
"2215",547.4,296.7
"2216",557.3,295
"2217",564.7,296.7
"2218",343.2,270.9
"2219",267.5,243.2
"2220",276.1,245.7
"2221",286,247.85
"2222",293.9,246.9
"2223",307.5,243.2
"2224",319.25,241.65
"2225",326.8,244.6
"2226",621.3,319.7
"2227",662.75,332.05
"2228",671.3,331.1
"2229",680.9,332.9
"2230",688.3,338.25
"2231",693.05,344.9
"2232",-999,-999
"2233",-999,-999
"2234",-999,-999
"2235",315,575.5
"2236",305,327.35
"2237",306.2,322.5
"2238",312.2,348.3
"2239",326.1,354.35
"2240",335.1,362.5
"2241",348.9,363.9
"2242",362.65,366.05
"2243",373.3,365
"2244",382.6,366.3
"2245",390.95,366.45
"2246",401.8,366.7
"2247",413,366.8
"2248",427.2,365.6
"2249",435.5,368.9
"2250",444.3,371.9
"2251",453.45,372.9
"2252",459.5,371.8
"2253",398.8,364.8
"2254",399.15,366.5
"2255",411.7,366.1
"2256",414,364.75
"2257",421,367
"2258",423.6,363.3
"2259",429.7,365.5
"2260",430.9,362.9
"2261",433.3,364.4
"2262",435.35,365.3
"2263",476.4,351.4
"2264",573.7,250.5
"2265",576,250.1
"2266",578.65,249.7
"2267",580.7,250
"2268",583.7,248.2
"2269",584.8,245.25
"2270",581.4,245.6
"2271",583.1,248
"2272",585.9,248.1
"2273",587.2,248.4
"2274",585.5,251.3
"2275",585.25,252.05
"2276",585.5,252.3
"2277",585.7,254.2
"2278",584.9,254.5
"2279",585.7,255.9
"2280",585.6,255.9
"2281",587.9,257.95
"2282",586.4,258.3
"2283",586,261.6
"2284",584.55,264
"2285",583.9,265.5
"2286",583.2,267.7
"2287",583,271.7
"2288",585.5,271.3
"2289",591.3,271.6
"2290",594.55,271.55
"2291",598.8,272
"2292",524,303.3
"2293",338.95,403.6
"2294",339.6,408.3
"2295",340,410.7
"2296",336.75,411.65
"2297",335.5,409.2
"2298",333.5,407.7
"2299",331.35,405
"2300",329.8,402.3
"2301",328.3,400.4
"2302",327.25,401.4
"2303",326.3,400.2
"2304",326.4,399.7
"2305",332.05,397.6
"2306",333.7,395.6
"2307",329.4,394.3
"2308",336.6,390.85
"2309",460.4,381.8
"2310",460.4,380.4
"2311",462.3,380.75
"2312",466.7,381.5
"2313",467.6,381.2
"2314",469.8,381.15
"2315",475.4,380
"2316",480.1,381.6
"2317",486.1,381.95
"2318",490.2,380
"2319",493.2,378.7
"2320",497,378.25
"2321",530.1,378.6
"2322",540.2,388.8
"2323",538.55,392
"2324",540.1,392.5
"2325",540.4,393.2
"2326",543.2,394.9
"2327",542.7,392.7
"2328",547.1,393.4
"2329",547.85,393.6
"2330",546.1,387.6
"2331",548.6,388.4
"2332",651.2,390.8
"2333",657.5,385.7
"2334",657.65,386.15
"2335",659.3,383.1
"2336",664.8,381.5
"2337",664.6,377.1
"2338",668.4,375
"2339",671.6,373.5
"2340",675.1,372.5
"2341",679.65,371.7
"2342",683.6,371.3
"2343",687.3,368.5
"2344",691.9,368.15
"2345",695.4,369.7
"2346",697.7,373.7
"2347",702.5,375.25
"2348",708.2,375.7
"2349",691.4,411
"2350",574.9,639.05
"2351",571.7,651.7
"2352",569.8,651.7
"2353",576.75,650.9
"2354",583.9,649.6
"2355",584.8,647.7
"2356",619.65,618.95
"2357",817.1,396.3
"2358",830,355.4
"2359",830.3,355.3
"2360",830.5,353.1
"2361",836.6,355.2
"2362",843.9,353.6
"2363",851.4,350.3
"2364",855,350
"2365",857.5,348.1
"2366",861.3,349.1
"2367",947,321.6
"2368",998.7,320.35
"2369",1005.4,319.8
"2370",1008.2,318.9
"2371",1011,316.55
"2372",1016.2,313.3
"2373",1027.8,315.1
"2374",1032.9,315.2
"2375",1039.2,312.9
"2376",1047.6,314.6
"2377",1058.05,311.9
"2378",1061,313.1
"2379",1072.6,313.2
"2380",1077.5,313.05
"2381",1079.6,315.5
"2382",1091,314.1
"2383",1092.2,315.9
"2384",1098.5,315.8
"2385",1105.9,315.7
"2386",-999,-999
"2387",-999,-999
"2388",-999,-999
"2389",-999,-999
"2390",-999,-999
"2391",1135.2,624.3
"2392",1122.25,215.85
"2393",1116.9,212.8
"2394",1118.9,228.1
"2395",1121.2,226.2
"2396",1125.7,224.8
"2397",1136.8,225.8
"2398",1145.1,224.7
"2399",1150.1,224.2
"2400",1155.45,226.1
"2401",778.7,228.1
"2402",401.4,510.6
"2403",-999,-999
"2404",-999,-999
"2405",133.5,639
"2406",170.7,359.1
"2407",171.65,371.5
"2408",172.3,378.6
"2409",181.5,380.5
"2410",186.4,377.65
"2411",184.1,377.5
"2412",192.95,375.7
"2413",199.7,371.9
"2414",201.4,369.2
"2415",207.8,361.1
"2416",216.8,355.05
"2417",224.5,350.7
"2418",231.6,346.75
"2419",198.8,392.7
"2420",201.1,485
"2421",208,479.05
"2422",216.9,472.7
"2423",225.4,465.3
"2424",239.85,461.6
"2425",243.2,458.6
"2426",248.2,453
"2427",256.7,449.6
"2428",260.4,441.8
"2429",262,441.2
"2430",270.3,442.2
"2431",278.45,440.05
"2432",280.4,432.7
"2433",286.4,432.8
"2434",516.6,520.4
"2435",599.6,558.3
"2436",603.5,555.2
"2437",605.7,552.8
"2438",609.3,551.2
"2439",613.4,546.8
"2440",616.9,545.45
"2441",620.6,541.4
"2442",627.4,537.7
"2443",634.45,534.5
"2444",770.2,533.6
"2445",1069.15,522.75
"2446",1070.1,515.9
"2447",1065.8,517
"2448",1063.7,520.8
"2449",1062.5,519.15
"2450",1069.5,517.8
"2451",1068.9,522
"2452",1070.8,519.3
"2453",1074.2,521.2
"2454",882.85,543.3
"2455",620.3,542.5
"2456",541.1,543.8
"2457",544.8,547.75
"2458",556.2,546.9
"2459",564.5,543.2
"2460",569.55,543.9
"2461",578.25,546.65
"2462",586.1,543.3
"2463",588.25,542
"2464",591.8,540.5
"2465",422.3,384.9
"2466",352.6,165.5
"2467",354.9,150.5
"2468",362.5,156.6
"2469",369.7,158.3
"2470",375.1,158.4
"2471",380,154.2
"2472",380.7,152.75
"2473",386.2,108.5
"2474",392,104.25
"2475",393,103.5
"2476",398,104.2
"2477",399.3,102.1
"2478",407.1,101.7
"2479",407.6,102.8
"2480",414.3,103.45
"2481",417.3,105.4
"2482",420.3,105.2
"2483",424.4,108.75
"2484",425.8,112.4
"2485",427.6,112.4
"2486",431.8,114.55
"2487",434.6,116
"2488",232.5,373.2
"2489",257.1,551.25
"2490",261.4,557.9
"2491",263.8,558.7
"2492",265.25,561.6
"2493",264.7,565
"2494",264.6,566.2
"2495",263.7,561.6
"2496",715.5,552.5
"2497",831.1,550.2
"2498",829.35,550.75
"2499",826.5,550.3
"2500",826.2,550.2
"2501",825.8,552.1
"2502",831,550.3
"2503",830.6,550.9
"2504",839,550.6
"2505",836,549.4
"2506",838.1,549.2
"2507",842.25,549.55
"2508",845.2,549.3
"2509",604.9,535.5
"2510",482.25,518.5
"2511",485.1,517.5
"2512",491.4,520
"2513",496.8,521.4
"2514",500.9,521.3
"2515",506.1,519.7
"2516",515.8,518.8
"2517",523.7,518
"2518",529.1,516
"2519",534.8,514.25
"2520",541.3,510.2
"2521",544.8,505.8
"2522",551.4,501.9
"2523",558.6,497.3
"2524",568.4,494
"2525",574,493.35
"2526",579.7,493.3
"2527",585.4,488.6
"2528",591.35,484.85
"2529",599.3,483.1
"2530",567.5,481.2
"2531",209.85,418
"2532",152.3,395.5
"2533",165.8,389.9
"2534",182,387.5
"2535",196.2,387.4
"2536",210.5,382.8
"2537",225.8,380.05
"2538",238.5,380.1
"2539",255.4,374.9
"2540",272.1,375.35
"2541",283.6,376.1
"2542",296.9,380.2
"2543",310.4,382.6
"2544",323.7,377.4
"2545",333.7,377.8
"2546",337.75,377.4
"2547",348.6,379.6
"2548",364.7,378.1
"2549",585.7,422.4
"2550",609.1,427.7
"2551",611.9,433.8
"2552",614.95,434.7
"2553",616.2,432.3
"2554",620.7,431.8
"2555",626.15,431.05
"2556",631.9,429.3
"2557",635.9,432.8
"2558",640.15,433.3
"2559",644.7,433.3
"2560",652.7,436
"2561",659,435.1
"2562",663.8,433.9
"2563",668.2,433.9
"2564",669.5,433.7
"2565",549.8,410.9
"2566",452.6,339.1
"2567",457.4,337.35
"2568",463.9,339.4
"2569",469.9,339.1
"2570",471.7,411.1
"2571",-999,-999
"2572",-999,-999
"2573",420.1,-999
"2574",536.1,478.9
"2575",533.1,327.7
"2576",523.7,358.2
"2577",527.7,373.3
"2578",538.8,372.8
"2579",604.45,447.55
"2580",663.6,561.7
"2581",666,558.5
"2582",671,556.3
"2583",673.1,555
"2584",677.2,553.3
"2585",679.85,553.25
"2586",680.3,553.6
"2587",682.1,552.6
"2588",682.7,553.2
"2589",681,552.5
"2590",595.3,515.1
"2591",592.65,515.45
"2592",589.5,516.1
"2593",596.8,516
"2594",595.6,512.95
"2595",589.7,514.6
"2596",599.8,515.2
"2597",598.7,511
"2598",600.5,509.8
"2599",607.8,508.6
"2600",623.95,509.9
"2601",642.4,509.8
"2602",667.1,511.5
"2603",688.65,512.45
"2604",712,512.5
"2605",740,517.4
"2606",767.3,519.3
"2607",794.9,521
"2608",780.4,521
"2609",392.65,390.15
"2610",363.5,361.5
"2611",395.2,361.3
"2612",421.45,362
"2613",453.9,362.5
"2614",487.1,362.8
"2615",519.8,363.9
"2616",547.6,362.3
"2617",579.8,363.3
"2618",598.75,361.3
"2619",618.6,359.9
"2620",638.1,361.3
"2621",649.05,361.25
"2622",544.8,333
"2623",530.7,310.8
"2624",540.8,311.55
"2625",553.1,312.8
"2626",567,314.8
"2627",576.75,314.65
"2628",588.2,312.6
"2629",597.2,312.6
"2630",605.8,314.2
"2631",612.1,311.9
"2632",618,310
"2633",625.5,309.25
"2634",631.2,310.4
"2635",636.9,311
"2636",642.75,308.95
"2637",647.9,305.3
"2638",650.9,304.2
"2639",654,302.8
"2640",656.6,302.1
"2641",668.3,293.6
"2642",675.45,287.35
"2643",676.2,285.6
"2644",675.1,283
"2645",677.9,286.4
"2646",554.1,312.1
"2647",346.6,329.4
"2648",346.65,334.8
"2649",351.3,335.1
"2650",354.5,334.1
"2651",351.45,332.65
"2652",353.3,332.9
"2653",355.9,336
"2654",360.25,334.95
"2655",365.3,333.2
"2656",364.8,332.1
"2657",364.3,334.1
"2658",374.7,334.1
"2659",447.7,369.8
"2660",449.5,369.35
"2661",453.1,368.8
"2662",456.8,367.6
"2663",458.45,365.25
"2664",461.5,365.5
"2665",467.3,367.5
"2666",471.55,367.45
"2667",473.2,366.4
"2668",470.8,367.4
"2669",474.2,369.4
"2670",476.8,373.3
"2671",477.8,375.3
"2672",474.3,372.6
"2673",470.4,370.1
"2674",474.8,372.2
"2675",472.05,374.4
"2676",179.2,464.4
"2677",127.4,485.6
"2678",126.3,490.45
"2679",124.3,492.1
"2680",118.1,492.9
"2681",114.9,496.8
"2682",110.8,496.8
"2683",268,459.9
"2684",705.3,316.3
"2685",711,308.9
"2686",699.7,310.2
"2687",693.85,314.1
"2688",694.1,315.5
"2689",698.9,317.4
"2690",696.15,317.5
"2691",697.2,315.6
"2692",717.2,296.4
"2693",732.05,246.25
"2694",738.4,246.3
"2695",733.1,245
"2696",729.45,247.5
"2697",730.6,249
"2698",733.5,247.6
"2699",735.15,247.6
"2700",706.7,201.9
"2701",703.3,193.7
"2702",704,194.7
"2703",704.1,194.7
"2704",698.4,195.8
"2705",691.45,194.9
"2706",687.4,198.1
"2707",648.7,183.6
"2708",644.5,181.75
"2709",640.3,184.1
"2710",637.2,188
"2711",635.6,186.35
"2712",631.2,188.9
"2713",625.1,172.4
"2714",621.45,171.65
"2715",616,173.4
"2716",609.4,175
"2717",603.5,176.75
"2718",599.3,177.9
"2719",593,181
"2720",582.15,182.15
"2721",569.7,186.6
"2722",562.9,194.2
"2723",544.45,199
"2724",539.5,209.2
"2725",373.4,-999
"2726",-999,-999
"2727",665.7,-999
"2728",587.1,599.8
"2729",573.3,449.35
"2730",559.8,482.1
"2731",552.8,501.3
"2732",548.65,510.35
"2733",405.2,449.4
"2734",313.5,381.5
"2735",306.15,386.55
"2736",294.2,394.8
"2737",280.3,400.6
"2738",267.25,404.05
"2739",253.4,409.6
"2740",240.5,414.6
"2741",229.8,420.5
"2742",222.3,423
"2743",217.2,424.9
"2744",213.9,426.9
"2745",206.5,426.5
"2746",213,425.2
"2747",214.75,423.45
"2748",213,420.7
"2749",219.9,418.1
"2750",231.85,417
"2751",247.7,415
"2752",262.8,411.3
"2753",276.55,410.9
"2754",303,413
"2755",338.5,412.3
"2756",374.2,413.35
"2757",398.5,411.4
"2758",429.3,413.3
"2759",455.95,413.6
"2760",480.6,416
"2761",375.6,443.3
"2762",388.2,444.8
"2763",414.7,442.6
"2764",446.5,441.2
"2765",477.95,437.65
"2766",510.2,438
"2767",541.4,436.5
"2768",570.4,435.5
"2769",597.6,434.1
"2770",621.3,433.7
"2771",643.6,431.6
"2772",665.2,431.9
"2773",687.1,433.9
"2774",660.7,434.3
"2775",519.9,400.2
"2776",538.3,404.3
"2777",555.15,406.9
"2778",570.9,407.8
"2779",585.8,410.6
"2780",599.65,414.75
"2781",607.9,416
"2782",620.5,421.2
"2783",635.7,420.55
"2784",642.1,422.7
"2785",658.6,421.9
"2786",468.6,394.9
"2787",391.9,336.2
"2788",401,337.8
"2789",412.7,345.55
"2790",425.6,348.4
"2791",435.1,346.4
"2792",690.6,378.35
"2793",860.3,406.8
"2794",859.4,405.1
"2795",855.4,404.25
"2796",855.3,406.3
"2797",856,404
"2798",860,400
"2799",864.6,397.5
"2800",861.9,395.3
"2801",868.1,389.35
"2802",874.9,386.1
"2803",931.7,370.7
"2804",1021.05,315.4
"2805",1021.9,307.9
"2806",1023.5,303.9
"2807",1028.95,301.9
"2808",1025.5,300.5
"2809",1026.1,300.5
"2810",1032.2,303.75
"2811",1034.2,306.2
"2812",1033,307.8
"2813",1035.25,308.15
"2814",1026.2,310.4
"2815",770.8,399
"2816",769.55,399.4
"2817",772.4,405.1
"2818",774.9,406
"2819",775.65,407.2
"2820",772.2,412.9
"2821",772.1,414.2
"2822",625.8,420.3
"2823",498.8,402
"2824",500,402.5
"2825",504.6,399.9
"2826",511.4,399.8
"2827",514.2,392.2
"2828",519.55,387.55
"2829",525.9,382.9
"2830",529.4,377.4
"2831",536.3,375.2
"2832",544.3,370.6
"2833",550.7,370.3
"2834",556.5,366.8
"2835",562.3,364.3
"2836",569.3,360.6
"2837",677.85,358.8
"2838",701,356.6
"2839",709.9,351
"2840",719.9,348.2
"2841",730.5,343.1
"2842",742.1,338.5
"2843",753.8,335.25
"2844",764.5,335.2
"2845",773.5,337.8
"2846",780.25,340.25
"2847",796.3,338.1
"2848",796.1,339.5
"2849",808.7,344.4
"2850",812.5,344.3
"2851",813.5,345.7
"2852",818.6,351.7
"2853",877.7,502.1
"2854",-999,-999
"2855",-999,-999
"2856",-999,-999
"2857",-999,-999
"2858",712.2,631.15
"2859",674.55,322.9
"2860",663.5,322.55
"2861",665.35,344.2
"2862",533.95,332.25
"2863",405.1,274.2
"2864",409.1,272.7
"2865",415.5,273.7
"2866",414.25,274.05
"2867",414.15,271.8
"2868",419.8,272
"2869",416.5,273.1
"2870",418.1,274
"2871",419.8,272.35
"2872",425.1,271.8
"2873",422.3,272.7
"2874",425.7,272.35
"2875",687.7,451.8
"2876",688.8,487.9
"2877",685.5,486.1
"2878",684.5,485.75
"2879",684.5,486.8
"2880",679.95,484.55
"2881",680.6,482.6
"2882",682.3,481.5
"2883",684.65,482
"2884",687.3,481.9
"2885",689.4,484
"2886",694,484.85
"2887",695.4,484.3
"2888",698.4,484
"2889",698.95,487.95
"2890",697.7,489.8
"2891",699.6,490.5
"2892",706.75,488.25
"2893",710.2,487.5
"2894",694.4,420
"2895",643.9,233
"2896",644.8,223.8
"2897",654,227.7
"2898",662.65,230.3
"2899",678.3,230.7
"2900",697.9,227.6
"2901",709.05,225.2
"2902",727.5,221.2
"2903",747.4,217.4
"2904",491.5,307.3
"2905",432.75,339.85
"2906",453.8,340.9
"2907",471.3,340.65
"2908",492.7,339.5
"2909",514.5,340.4
"2910",529.7,342.3
"2911",549.3,340.05
"2912",562.3,339.2
"2913",574.7,341.6
"2914",583.3,339.85
"2915",589.9,343
"2916",595.7,343.1
"2917",536.95,355.5
"2918",477,364.5
"2919",484.1,367.75
"2920",494.7,369.6
"2921",505,368.7
"2922",514.8,372
"2923",528.4,372.3
"2924",538,373.6
"2925",548.65,375.45
"2926",473.1,401.7
"2927",423.1,413.2
"2928",427,413.35
"2929",449.9,414.4
"2930",467.5,412.7
"2931",476.65,410.55
"2932",498.2,412.3
"2933",504.5,411
"2934",518.3,414.3
"2935",533,415.9
"2936",548.6,412.3
"2937",561.6,412.2
"2938",568.5,415.9
"2939",579.6,411.5
"2940",592.15,410.3
"2941",605.9,405.8
"2942",615.6,403.7
"2943",624,400.05
"2944",608.1,394.3
"2945",569.5,374.2
"2946",574,374.8
"2947",579.9,374.3
"2948",588,376.2
"2949",595.5,378.55
"2950",593.5,382.7
"2951",595.4,385.6
"2952",604.6,383.1
"2953",602.7,386.75
"2954",605.3,384.4
"2955",617.4,386.05
"2956",622.7,388.6
"2957",628.9,393.1
"2958",637.2,395.4
"2959",651.7,395.9
"2960",664.7,396.4
"2961",578.45,426.95
"2962",435.1,465.2
"2963",445.3,463.7
"2964",461.2,465.55
"2965",476.7,462.4
"2966",492.2,459.9
"2967",508.95,459.2
"2968",522.6,456.8
"2969",535.9,453.3
"2970",549.8,453.8
"2971",556.9,451.4
"2972",569.2,452.1
"2973",579.35,450.9
"2974",591.4,453.4
"2975",598.5,452.8
"2976",610.4,454.1
"2977",623.15,454.85
"2978",458.9,455.8
"2979",339.55,439.45
"2980",351.2,434.9
"2981",365.5,433.8
"2982",378.4,432.4
"2983",395.15,430.3
"2984",410.8,428.9
"2985",423.9,428
"2986",430,427.8
"2987",441.1,430.2
"2988",457.1,429.5
"2989",471.2,431.7
"2990",479.6,429.6
"2991",488.7,429.4
"2992",509.4,433.6
"2993",517.1,433.1
"2994",527.8,434.5
"2995",538.7,432.8
"2996",549.4,433.4
"2997",361.7,442.05
"2998",182.4,422.3
"2999",192.3,419.8
"3000",211.05,423.25
"3001",224.1,425.5
"3002",236.1,426.9
"3003",245.85,423.55
"3004",258,424.4
"3005",271.8,428.1
"3006",280.75,431.35
"3007",291.6,434.4
"3008",305.4,437.5
"3009",315.8,439.45
"3010",325.3,442
"3011",343.4,442.2
"3012",357.1,443.2
"3013",369.4,444.8
"3014",450.7,362.1
"3015",569.6,174.45
"3016",580.1,175.7
"3017",587.5,174.5
"3018",604.9,180.4
"3019",617.95,181.95
"3020",631.5,181.2
"3021",648.15,181.9
"3022",662.8,182.7
"3023",678.3,181.4
"3024",691.85,182.55
"3025",711.4,184.9
"3026",727,184.2
"3027",742.4,183
"3028",757.9,185.1
"3029",771.7,188.8
"3030",785.25,189.6
"3031",802.8,193.5
"3032",812.1,193.1
"3033",826.05,196.7
"3034",838.8,202.6
"3035",780.6,326.4
"3036",-999,-999
"3037",-999,-999
"3038",366.9,474.5
"3039",377.65,251.8
"3040",378.2,270
"3041",397.5,290.4
"3042",416.75,296.9
"3043",438.7,298.5
"3044",459.4,304
"3045",478.3,308.35
"3046",498.2,309.2
"3047",518.3,310.5
"3048",543.05,311.35
"3049",562.8,315.9
"3050",575.8,320.6
"3051",596.4,322.7
"3052",583.1,327
"3053",465.8,305.8
"3054",477.5,310.75
"3055",494.5,310.3
"3056",508.7,312.8
"3057",524.45,315.25
"3058",543.9,318.6
"3059",560.6,328
"3060",573.05,331.5
"3061",592.3,334.3
"3062",602.5,341.3
"3063",614.8,342.7
"3064",478.5,325.9
"3065",418.4,306.3
"3066",431.7,307.5
"3067",436.05,312.5
"3068",444.6,319.4
"3069",452.85,321.4
"3070",462.6,326.4
"3071",470.3,333.5
"3072",472.7,341.2
"3073",481.2,345.1
"3074",490.8,347.5
"3075",496.7,355.95
"3076",501.7,359.5
"3077",510.5,364
"3078",519.5,366.65
"3079",527.9,367.7
"3080",535.1,375.8
"3081",547.7,379.4
"3082",558.55,376.7
"3083",566.1,376.2
"3084",576.65,380.9
"3085",535.8,382.2
"3086",360.1,254.6
"3087",386.85,253.9
"3088",417.6,261
"3089",449.5,267.2
"3090",474.2,268.95
"3091",511.4,272.8
"3092",525.5,271.9
"3093",529.85,206.45
"3094",548.3,210.9
"3095",568.3,210.8
"3096",586.3,210.7
"3097",600.5,212.3
"3098",618.2,211.1
"3099",630.05,211.45
"3100",642.7,211.1
"3101",655.6,209.9
"3102",668.65,211.05
"3103",536.4,285.8
"3104",463.2,420.9
"3105",464.75,422.45
"3106",463.5,419.9
"3107",464.4,419.8
"3108",465.2,414.45
"3109",454.6,413.4
"3110",452.7,415.2
"3111",451,410.4
"3112",441.4,407.5
"3113",431.7,405.8
"3114",474,364.9
"3115",466.35,338.35
"3116",453.7,339
"3117",441.1,338.3
"3118",433.65,334.45
"3119",418.1,330.4
"3120",414.35,325.85
"3121",436.4,332.4
"3122",632.2,425.8
"3123",629.4,422.75
"3124",621.2,417.1
"3125",616.7,411.5
"3126",605.6,408.95
"3127",599.6,399.2
"3128",594.4,395
"3129",587.95,392.15
"3130",584.5,390.4
"3131",584.9,388.7
"3132",580.2,387.6
"3133",491.5,540.2
"3134",472.2,583.6
"3135",475.45,575.35
"3136",464.9,566.9
"3137",458.4,561.3
"3138",450.6,552.4
"3139",438.8,545.7
"3140",433.5,539.9
"3141",428.25,536.75
"3142",414.3,535.15
"3143",-999,-999
"3144",-999,-999
"3145",-999,-999
"3146",-999,-999
"3147",249.8,-999
"3148",396.3,601.4
"3149",379.4,496.1
"3150",379.4,518.6
"3151",376.95,521.6
"3152",381.2,520.5
"3153",382.25,518
"3154",537.4,292.8
"3155",555.9,210.1
"3156",535.4,213.7
"3157",521.7,212.3
"3158",506.5,212.9
"3159",492.95,212.15
"3160",481.9,213.1
"3161",476.6,207.3
"3162",542.2,215.1
"3163",545.4,213.3
"3164",537.1,212.8
"3165",529.75,212.45
"3166",522.4,208.6
"3167",522.4,209
"3168",520.8,210.35
"3169",520.6,212.9
"3170",521.2,217.7
"3171",525.4,223.75
"3172",525.9,226.1
"3173",521.9,228
"3174",518.5,230
"3175",544.7,226.9
"3176",581,226.1
"3177",577,224.7
"3178",570,226.6
"3179",563.3,225.6
"3180",558.8,226.05
"3181",552.5,227
"3182",549.3,228
"3183",548.4,225.75
"3184",467.7,384
"3185",472.5,599.3
"3186",472.9,607.1
"3187",471,604.5
"3188",471.9,602.1
"3189",475.2,596.3
"3190",482,594.2
"3191",489.3,590.1
"3192",498.7,586.55
"3193",503.4,582.8
"3194",497.6,580.7
"3195",426,636.7
"3196",439.3,629.8
"3197",441.8,626.5
"3198",449.8,620.6
"3199",459,617.1
"3200",465.1,611.1
"3201",471.1,605
"3202",469.6,595.9
"3203",479.7,585.9
"3204",475.85,578.55
"3205",484.4,564.4
"3206",525,430.6
"3207",524.9,422.2
"3208",528.1,416.35
"3209",531.2,411.5
"3210",533.95,408.15
"3211",535.1,400.8
"3212",535.9,395.1
"3213",539.2,392.7
"3214",545.5,387.5
"3215",552.4,385.9
"3216",549.6,386.55
"3217",549.8,383
"3218",550.8,380.8
"3219",553.35,378.6
"3220",553.9,377
"3221",554.7,377.2
"3222",560.05,377
"3223",565.2,381.5
"3224",568.9,382
"3225",572.3,381.85
"3226",573.4,381.4
"3227",574.1,383
"3228",580.2,380.2
"3229",590.2,383.1
"3230",597.9,385.25
"3231",601.6,386.6
"3232",604.6,390.5
"3233",608,390.9
"3234",612.35,390.05
"3235",615.1,388.6
"3236",619.8,393.45
"3237",621,396.4
"3238",612.1,418.6
"3239",573.4,557.2
"3240",573.3,562
"3241",573.3,564
"3242",578.95,562.45
"3243",577.8,557
"3244",575.7,556.3
"3245",583,553.7
"3246",579.6,551.7
"3247",587,551.5
"3248",585.25,547.95
"3249",586.9,548.2
"3250",594.5,642.6
"3251",594.95,647.55
"3252",598.6,646.6
"3253",607.4,647.5
"3254",615.3,648.1
"3255",621.6,651.5
"3256",631,654.4
"3257",640.4,658.5
"3258",648.8,661.4
"3259",657.3,664.9
"3260",663.7,667.2
"3261",671.4,671
"3262",683.9,674.8
"3263",680.85,660.95
"3264",508.1,493.2
"3265",399.1,391.4
"3266",407.7,387.7
"3267",422.5,391.8
"3268",436.3,394.4
"3269",454.45,396.8
"3270",473.8,400
"3271",484.5,404.5
"3272",502.9,406.1
"3273",507.4,408.4
"3274",259.6,476.7
"3275",249.45,487.9
"3276",259.5,492.3
"3277",268.4,491.5
"3278",277.05,487.85
"3279",285.3,488.9
"3280",300.6,495.1
"3281",184.15,552.5
"3282",168.5,562.5
"3283",177.6,565
"3284",182.35,568.05
"3285",187.3,568.7
"3286",198.9,569.7
"3287",203.95,563.85
"3288",-999,-999
"3289",-999,-999
"3290",-999,-999
"3291",-999,-999
"3292",411.9,559.1
"3293",414.65,313.85
"3294",411.9,327.2
"3295",434.4,349.7
"3296",448.5,354.25
"3297",468.6,359.7
"3298",488,362.3
"3299",505.2,362.55
"3300",520.7,364.4
"3301",535.2,368
"3302",549.25,373.9
"3303",558.8,375.6
"3304",569.3,379.6
"3305",580.9,387.75
"3306",595.1,391.7
"3307",625.6,398.5
"3308",892.2,486.25
"3309",898.9,492.7
"3310",897.2,496.2
"3311",892.35,496.15
"3312",869.4,496.6
"3313",692.9,425.3
"3314",705.95,423.35
"3315",712,423.4
"3316",734.5,422
"3317",748.05,418.9
"3318",759.5,416
"3319",766.8,410.4
"3320",770.3,408.7
"3321",772.2,406.5
"3322",774.1,402.3
"3323",784.6,399.1
"3324",794.1,393.2
"3325",804.8,391.2
"3326",807.75,390.6
"3327",816.1,383.2
"3328",831.2,379.9
"3329",832.65,381.25
"3330",840.6,381.3
"3331",847.2,380.6
"3332",851.85,381.05
"3333",860.2,386.2
"3334",866.7,391.4
"3335",872.85,394.95
"3336",868.3,395
"3337",866.2,396.4
"3338",779.45,488.35
"3339",747.6,501.6
"3340",744,504.8
"3341",743.65,505.35
"3342",742.4,504.5
"3343",728.3,507.4
"3344",718.5,505.2
"3345",713.7,505
"3346",716.4,506.9
"3347",706.65,509.15
"3348",699.5,506.8
"3349",699.9,507.7
"3350",701.75,507
"3351",691.6,506.9
"3352",695.3,507.8
"3353",689.7,507.05
"3354",685.5,507.4
"3355",687.3,505.2
"3356",691.1,508.35
"3357",687.2,506.4
"3358",680.5,505.8
"3359",683.35,503.75
"3360",683,502.8
"3361",677.3,499.8
"3362",679.25,498.8
"3363",680.1,497.5
"3364",675.1,499.2
"3365",673.95,498.85
"3366",675.6,496.8
"3367",678.3,492.9
"3368",672.05,488.05
"3369",668.9,488
"3370",665.1,486.8
"3371",664.15,482.7
"3372",669.7,479.7
"3373",668.7,477.4
"3374",666.6,475.9
"3375",666.3,474
"3376",659.3,471.9
"3377",625.35,480.15
"3378",630.7,480.2
"3379",635.7,479.2
"3380",630.4,479.85
"3381",634.4,479.1
"3382",637.7,478.1
"3383",637.55,475.9
"3384",644.7,474.6
"3385",642.2,475.9
"3386",644.95,477.5
"3387",652.1,475
"3388",657.7,468.9
"3389",658.5,470
"3390",660.8,465.6
"3391",663.8,463.3
"3392",666.05,463.3
"3393",669,463.7
"3394",672.9,462.9
"3395",674.3,460.25
"3396",678.2,461.6
"3397",680.4,465.4
"3398",682.3,463.95
"3399",677.7,464.3
"3400",675.3,464
"3401",675.45,464.4
"3402",676,463.8
"3403",682,463.8
"3404",678.6,464.05
"3405",673,462.7
"3406",676,463
"3407",679.45,463.15
"3408",676.6,463.9
"3409",675.6,463
"3410",676.7,462.15
"3411",680.7,461.8
"3412",684.9,463.4
"3413",687.8,462.95
"3414",691,459.5
"3415",692.2,459.6
"3416",692.5,457.6
"3417",691.9,458.1
"3418",693.1,455
"3419",688.2,447
"3420",670.9,635.6
"3421",576.3,-999
"3422",606.1,646.3
"3423",623.5,381
"3424",660.8,396.4
"3425",656.55,415.25
"3426",654.3,426.7
"3427",662.9,426.8
"3428",662.75,425.05
"3429",663.1,425.9
"3430",667.1,427.6
"3431",666.5,426
"3432",668.8,425.8
"3433",671.9,428
"3434",676.5,426.95
"3435",678.7,427.8
"3436",677.2,428.4
"3437",680.6,431.85
"3438",682.5,437
"3439",689.8,439.5
"3440",698.25,439.8
"3441",693.5,368.5
"3442",690.2,350.9
"3443",695.65,358
"3444",704.2,359.9
"3445",704.8,361.4
"3446",705.4,362.45
"3447",710.2,362.3
"3448",715.2,362.5
"3449",725.35,361.5
"3450",727,359.5
"3451",723.4,355.4
"3452",727.25,355.2
"3453",732.9,354.9
"3454",727.3,352.2
"3455",732.9,351.15
"3456",801.4,430.6
"3457",801,427.9
"3458",809.3,430.25
"3459",814,426.5
"3460",816.1,423.7
"3461",595,350.35
"3462",592.4,346.8
"3463",599.3,348.3
"3464",604,351.3
"3465",608.6,350.5
"3466",612.4,349.7
"3467",616.3,349
"3468",619.7,347.2
"3469",624.1,349.1
"3470",632.85,351.75
"3471",636.2,331.9
"3472",638.4,335.5
"3473",642.55,336.6
"3474",651.9,334.3
"3475",653.4,334.7
"3476",660.95,332.95
"3477",665.5,330.5
"3478",668.8,330.5
"3479",671.6,331.75
"3480",677.2,330.4
"3481",683.3,328
"3482",685.6,325.65
"3483",686.8,325.7
"3484",663.1,351.6
"3485",667.85,347.6
"3486",667.8,347.6
"3487",668.2,346.9
"3488",670.6,348.15
"3489",673.5,347.5
"3490",678.4,348.4
"3491",677.85,350.1
"3492",681.5,353
"3493",685.7,354.3
"3494",689.25,355.55
"3495",693.9,357.6
"3496",715.1,353.4
"3497",750,320.5
"3498",749,320.5
"3499",751.3,318.6
"3500",751.45,318.65
"3501",757.1,322.6
"3502",756.1,321
"3503",756.5,320.45
"3504",755.1,320.9
"3505",691.4,341.7
"3506",687.55,347.6
"3507",690.9,345.7
"3508",687.7,345.7
"3509",686.05,345.6
"3510",686.5,345.2
"3511",686.2,344.5
"3512",687.05,345.85
"3513",688.3,351
"3514",689.3,353.5
"3515",693.35,352
"3516",697.1,352.4
"3517",695,351.1
"3518",693.95,351.1
"3519",693.5,352.8
"3520",694,351.5
"3521",695.9,346.5
"3522",694.9,345.9
"3523",693.8,340
"3524",693.5,333
"3525",693,331.5
"3526",694.3,332.9
"3527",694.6,334.45
"3528",696.5,337.3
"3529",694,339
"3530",694.3,341.5
"3531",703.3,347.6
"3532",718.6,365.4
"3533",716.05,364.9
"3534",716.6,366.3
"3535",720.3,368.5
"3536",718.7,369.8
"3537",719,366.9
"3538",722.5,366.7
"3539",724.45,368.1
"3540",718.2,363.9
"3541",718.6,366.2
"3542",718.1,370.55
"3543",691.5,368.3
"3544",692.6,367.5
"3545",693.9,368.85
"3546",694.9,368.3
"3547",697.3,368.6
"3548",697.4,367.85
"3549",701.7,366.7
"3550",720.6,364.9
"3551",716.4,362.85
"3552",720.9,364.4
"3553",718,361.8
"3554",724.5,363.9
"3555",718,359.2
"3556",722.8,360.9
"3557",727.1,361.3
"3558",723.4,361.6
"3559",731.1,362.3
"3560",745.7,361.7
"3561",747.4,360.5
"3562",747.9,361.2
"3563",750.15,361.95
"3564",751.7,358.9
"3565",753.7,358.8
"3566",751.75,358.95
"3567",752.4,362.8
"3568",750.7,362.3
"3569",750.4,360.1
"3570",751.3,355.7
"3571",751.7,355.5
"3572",751.65,352.1
"3573",756.3,346.9
"3574",754.7,347.1
"3575",754.25,342.7
"3576",752.4,338.3
"3577",752.6,336.5
"3578",754.85,333.5
"3579",761.1,331.5
"3580",758.9,329
"3581",755.85,325.8
"3582",755.3,325.1
"3583",755.4,322
"3584",757.8,319.05
"3585",570.5,301.6
"3586",554.3,298.5
"3587",558.65,297
"3588",560,292.4
"3589",561.5,292.1
"3590",564.55,294.3
"3591",564.5,291.3
"3592",567.3,295.4
"3593",570.35,297.15
"3594",573.6,296.7
"3595",582.3,300.8
"3596",587.85,306.3
"3597",597.6,306.6
"3598",597.3,-999
"3599",-999,-999
"3600",-999,-999
