"1",611.55,322.55
"2",613.4,327.2
"3",615.4,323
"4",616.5,318.45
"5",616.2,319.9
"6",615.2,319.3
"7",612.95,324.6
"8",611.5,321.9
"9",611,320
"10",614.55,313.45
"11",617.4,313.1
"12",621.6,320.2
"13",611.4,325.75
"14",576.6,327.3
"15",-999,-999
"16",-999,-999
"17",-999,-999
"18",754.8,122.25
"19",723.05,110.95
"20",709.4,131.7
"21",707.3,128.7
"22",708.5,128.5
"23",710.4,135.1
"24",718.2,143.3
"25",718.5,151.05
"26",676.6,168.2
"27",677.9,165
"28",678.3,166.25
"29",673.7,159.7
"30",672.3,155.8
"31",672.8,155.85
"32",672,158.1
"33",671.3,165.2
"34",658.85,199
"35",641.9,203.5
"36",-999,-999
"37",-999,-999
"38",-999,855.3
"39",692.6,277.6
"40",662.35,337.05
"41",662.7,342.3
"42",663.4,333.9
"43",665.45,328.15
"44",668.6,323.4
"45",669.3,327.9
"46",654.3,393.4
"47",654,393.1
"48",654.4,392.1
"49",647.4,392.65
"50",641.2,390.2
"51",638.6,391.8
"52",647.35,447.4
"53",642.2,437.3
"54",649.2,438.8
"55",648.3,446.1
"56",645.9,449.1
"57",648,456.5
"58",620.7,457.95
"59",618.2,472.3
"60",-999,-999
"61",-999,-999
"62",-999,-999
"63",659.1,373.9
"64",662.25,364.45
"65",657.7,401.1
"66",654.7,403.5
"67",648.5,410.6
"68",644.4,413.6
"69",624,425.7
"70",620.2,419.4
"71",617.6,415.3
"72",616.8,411.9
"73",617.45,410.95
"74",617.3,407.3
"75",617,409.6
"76",617.05,404.55
"77",618.5,401.5
"78",619.3,397.25
"79",613.7,394.8
"80",605.6,391.9
"81",600.65,392.6
"82",599.5,394.4
"83",589.3,389.6
"84",590.35,393
"85",586.3,394.8
"86",581.5,391.4
"87",583.8,389.75
"88",583,393.6
"89",580.9,388.3
"90",565.7,387.05
"91",566.4,384.2
"92",567.5,381.1
"93",569.35,380.3
"94",573.5,373.8
"95",577.5,369.6
"96",579.15,366.5
"97",582.1,359.3
"98",586.2,357.6
"99",607.65,344.45
"100",610.4,331.2
"101",612.4,321.6
"102",616.9,315.95
"103",615.8,316.9
"104",578.5,333.9
"105",-999,-999
"106",-999,-999
"107",-999,-999
"108",-999,-999
"109",605.8,363.35
"110",633.6,154
"111",623.45,202.4
"112",618.1,216
"113",621.1,211
"114",620.45,210
"115",625,202.7
"116",624.8,190.5
"117",624.85,187.75
"118",622.9,186.5
"119",621.3,192.9
"120",614.15,201
"121",600.2,226.7
"122",590.5,229.5
"123",589.75,230.3
"124",584,228.1
"125",584,222
"126",580.45,217.7
"127",580.6,211
"128",581.2,202.7
"129",581.3,200.85
"130",581.6,197.4
"131",584.2,187.2
"132",589.8,187.5
"133",591.3,188.7
"134",593.7,186.7
"135",599.2,183.05
"136",607.9,179.2
"137",612.5,183.8
"138",619.9,181.3
"139",624.5,174.4
"140",630.6,170.6
"141",634.1,167.35
"142",642.1,170
"143",653.5,159.4
"144",657.5,158.15
"145",661.2,155.4
"146",668.8,142.2
"147",690.3,114.9
"148",693,109.8
"149",702.5,107
"150",707.25,107.55
"151",711.8,104
"152",714.4,101.6
"153",717.85,102.7
"154",725,96.6
"155",718.8,102.9
"156",685.9,144.5
"157",-999,-999
"158",-999,-999
"159",803.1,237.7
"160",743,62.35
"161",733.3,-999
"162",729.9,14.05
"163",733.5,16.8
"164",737.3,12.1
"165",740.15,12
"166",737,8.8
"167",721.7,11.2
"168",714.5,16.95
"169",712.3,21.6
"170",711.8,21.7
"171",710.55,24.7
"172",692.1,13.3
"173",691.8,11.5
"174",690.35,5.5
"175",687,5.6
"176",681.8,4.4
"177",678.15,12.2
"178",670.4,11.8
"179",667.5,15.1
"180",662.9,22.35
"181",658.4,27.8
"182",652.8,24.6
"183",651.45,20.65
"184",649.1,28.6
"185",649.5,27.1
"186",649.4,29.35
"187",651.2,32.9
"188",654.6,38.3
"189",660.95,46.25
"190",665.8,56
"191",674.9,81.8
"192",683.35,178.85
"193",685.2,189.8
"194",686.8,192.6
"195",688.1,209.1
"196",746,206.1
"197",-999,-999
"198",-999,-999
"199",-999,-999
"200",1122.3,584.55
"201",1267.65,179.8
"202",1273.7,125
"203",1270.9,141.6
"204",1266.5,141.75
"205",1028.8,56
"206",812.2,44.5
"207",803.35,49.6
"208",801.9,44.8
"209",797.9,55.6
"210",759.7,62.5
"211",761.8,83.6
"212",758.2,98.2
"213",753.8,109.85
"214",750,109.5
"215",625.4,197.5
"216",615.85,205.15
"217",613.7,212.5
"218",612.6,216.4
"219",610.35,204.85
"220",609.6,207.2
"221",611.2,208.8
"222",610.45,208
"223",610.1,206.4
"224",609,206.1
"225",609.95,209.7
"226",611.8,207.7
"227",651.8,191.9
"228",647.45,187.35
"229",648.9,192.3
"230",649.6,194.8
"231",649.55,196.2
"232",653.4,196.7
"233",619.7,173.6
"234",618.4,173.6
"235",616.9,165.8
"236",614.7,164.6
"237",617.65,161.35
"238",615.5,165
"239",621.6,166.4
"240",652.05,137.75
"241",653.7,138.9
"242",650.8,136
"243",650.8,127.15
"244",652.4,122.9
"245",634,127.9
"246",632.65,128.55
"247",632.7,120.6
"248",632.2,119.4
"249",632.45,123.1
"250",631,134.2
"251",628.8,136.3
"252",625.75,137.3
"253",627.8,137.3
"254",623.1,152.5
"255",593.75,163.9
"256",-999,-999
"257",-999,-999
"258",-999,-999
"259",-999,-999
"260",-999,-999
"261",576.15,333
"262",655.6,50.2
"263",640.3,87.2
"264",632.05,89.65
"265",632.2,96.1
"266",635.6,98.2
"267",696.05,67.5
"268",701.5,66
"269",705.2,72.3
"270",710.3,81.2
"271",715.6,88.5
"272",721,93.1
"273",731.45,90.15
"274",728.7,100.6
"275",713.7,132.15
"276",-999,-999
"277",-999,-999
"278",-999,-999
"279",-999,-999
"280",811.9,123.3
"281",806.1,26.75
"282",798.9,38.9
"283",799.9,36.3
"284",801.35,45.35
"285",805.6,42
"286",807.4,47.8
"287",793,42.35
"288",791.4,44.3
"289",794,40.4
"290",797.1,40
"291",797.9,43.1
"292",798.3,45
"293",802.4,44.05
"294",803.4,39.7
"295",805.3,37.4
"296",700.1,156.25
"297",701.2,164.3
"298",696.6,163.2
"299",692.25,165.1
"300",688.5,161.9
"301",658.7,181.1
"302",657.6,189.95
"303",654.1,181.8
"304",655.3,182.4
"305",673.75,174.9
"306",794.4,62.3
"307",794.7,68.6
"308",796.55,65.55
"309",800.2,72.2
"310",803.6,68.7
"311",808.65,61.65
"312",811.6,64.8
"313",814.3,70.9
"314",817.55,68.1
"315",821.7,72.3
"316",827,71
"317",831.3,72.65
"318",824.9,88.1
"319",824.9,98
"320",826.1,101.35
"321",830.8,102.2
"322",831.7,102.8
"323",835.7,108.75
"324",707.3,205.1
"325",672.7,225.6
"326",672.2,225.45
"327",672.8,218.7
"328",674.4,220.8
"329",675.75,228.3
"330",673,228.1
"331",658.7,236.1
"332",645.6,258.4
"333",-999,-999
"334",-999,-999
"335",-999,-999
"336",1102.4,379.6
"337",942.3,108.5
"338",908.05,74.9
"339",896.2,95.2
"340",893.5,97.6
"341",893.2,106.85
"342",894.3,107.9
"343",898.4,107.2
"344",879.5,107.65
"345",857.9,108.8
"346",853.2,103.8
"347",850.15,107.25
"348",854,102.5
"349",806.6,113.5
"350",679.35,137.15
"351",678.3,143.3
"352",676.8,143
"353",675.6,146.05
"354",671.6,150.4
"355",670.1,146.5
"356",668.75,124.6
"357",665.9,128.1
"358",667.1,126.8
"359",668.55,131.2
"360",668.5,125.9
"361",668.6,131.9
"362",668.55,132.15
"363",667.6,133.2
"364",666.6,130.7
"365",667.9,124.15
"366",668.3,118.8
"367",668.2,116.6
"368",669.85,115.85
"369",669,116.2
"370",668.9,111.8
"371",668.7,107.1
"372",669,113.9
"373",670.4,117.1
"374",670.55,109.9
"375",673.6,116
"376",675.7,117.7
"377",680.8,124.55
"378",682.1,124.2
"379",685.1,133.3
"380",689.1,135.3
"381",691.2,134.4
"382",697.3,136.6
"383",696.85,139.5
"384",700.9,138.6
"385",703.1,136.7
"386",703,136.9
"387",701.7,136.4
"388",703.5,138.8
"389",688.75,148.75
"390",688.3,153.6
"391",687.4,147.2
"392",688.55,143.9
"393",690.2,140.2
"394",678.3,136.6
"395",646.7,138.9
"396",644.3,141.3
"397",644.4,142.3
"398",644.95,144.2
"399",639.6,149.4
"400",612,171.6
"401",-999,-999
"402",-999,-999
"403",-999,-999
"404",-999,-999
"405",-999,298.1
"406",708.3,51.5
"407",708.05,57.65
"408",699,87.4
"409",686.3,89.7
"410",673.9,96.55
"411",672.4,98.2
"412",672.8,95.8
"413",665.1,99.9
"414",665,95.3
"415",669,94.9
"416",668.9,97.15
"417",667.8,100.8
"418",665.2,104.3
"419",662.2,103.15
"420",658.2,103.7
"421",650.7,108.4
"422",650.6,108.4
"423",649.9,109.5
"424",647.1,111.7
"425",646.3,113.6
"426",645.8,114.4
"427",644.8,109.1
"428",643.3,133.65
"429",630.2,142.7
"430",567.1,156.65
"431",-999,-999
"432",-999,-999
"433",-999,-999
"434",-999,-999
"435",-999,885.9
"436",-999,564.3
"437",39.05,194.6
"438",79.6,273.3
"439",89.1,282.5
"440",98.45,279.75
"441",104.8,273.3
"442",113.5,273.7
"443",103.35,273.3
"444",40.2,288.9
"445",37.4,289.4
"446",35.45,290.4
"447",34.6,290.3
"448",35.2,288.8
"449",36.2,284.6
"450",40.75,285
"451",16.1,283.4
"452",4.7,280.6
"453",8.15,279.95
"454",12.9,277.9
"455",15,276.2
"456",14.8,273.6
"457",21.8,273.8
"458",26.8,273.3
"459",29.25,268.65
"460",161.6,252.3
"461",631.6,140.6
"462",633.4,136.7
"463",630.7,147.1
"464",623.1,142.7
"465",624.1,144.75
"466",607.9,122.3
"467",608.2,134.95
"468",612.7,135.4
"469",615,129.5
"470",621.05,105.8
"471",622.9,103.3
"472",624,107.7
"473",625.9,106.8
"474",624.9,109.7
"475",625.6,118.9
"476",618.75,136.25
"477",620.4,139.7
"478",627.2,148.4
"479",631.45,146.8
"480",695.1,98.1
"481",760.1,14.7
"482",761.15,17.3
"483",763.7,21.4
"484",764.8,19
"485",764.45,22.3
"486",765,29
"487",763.3,43.55
"488",766.4,48.7
"489",768.1,46.6
"490",771.9,53.4
"491",771.95,44.9
"492",773.7,51.1
"493",777,50.85
"494",786.2,40.7
"495",787.4,44.1
"496",789.7,50.3
"497",788.5,56.7
"498",786.1,68.1
"499",784.65,67.4
"500",782,72.9
"501",779.1,79
"502",778.45,87.4
"503",781.9,82.9
"504",782.7,77.8
"505",785.9,75
"506",787.2,74.2
"507",787.2,69.4
"508",786.5,64.25
"509",782.4,57.3
"510",782.3,61.5
"511",780.55,63.4
"512",779.3,72.4
"513",994.6,209.3
"514",1002.75,218
"515",1010.4,221.1
"516",1008.8,223.7
"517",1016.5,222.6
"518",1018.6,215.8
"519",1015.8,219.3
"520",1012.25,216.85
"521",1006.9,216.8
"522",1005.5,219.2
"523",955.3,223.35
"524",625.3,184.2
"525",621.6,182.5
"526",766.1,126.5
"527",771.8,111.2
"528",767,116.8
"529",765.3,120.05
"530",763,120.1
"531",762.1,117.1
"532",767.5,122.35
"533",771.2,133.6
"534",771.4,131.5
"535",769.85,134.75
"536",770,137.1
"537",769.2,140.2
"538",767.7,142.5
"539",764.9,146
"540",760.9,145.7
"541",780.85,157
"542",1172.4,205.8
"543",1174.1,215.8
"544",1173.65,211.1
"545",1172.4,213.7
"546",1172.1,218
"547",1143.25,222.05
"548",968.4,262.3
"549",961.1,266.4
"550",960.8,265.2
"551",956.7,263.4
"552",952.4,268.4
"553",951.95,263.75
"554",953.9,260.5
"555",958.4,259.5
"556",962,253.95
"557",960.8,256.7
"558",957.1,259.3
"559",959.35,256.5
"560",962.4,252.3
"561",966,252.1
"562",895.4,248.5
"563",744.8,242.2
"564",745.2,236
"565",747.35,232.85
"566",749.4,226.6
"567",751.9,222.7
"568",759.2,220.2
"569",762.6,217.5
"570",764.3,214.8
"571",782.4,213.5
"572",782.9,211
"573",782.2,211.8
"574",774.65,212.3
"575",771.7,213.2
"576",769.7,212.5
"577",765.2,207
"578",764,210.8
"579",798.4,208
"580",1193.8,180.3
"581",-999,184.1
"582",1275.8,184.9
"583",1273.25,184.55
"584",1267,187.2
"585",1264.1,191
"586",1264.85,190
"587",1265.9,184.7
"588",1265.9,185
"589",988.8,190.3
"590",324,281.1
"591",182.4,296.7
"592",180.15,297.95
"593",185.3,300.5
"594",180.9,296.8
"595",138.65,292.4
"596",144,294.4
"597",148,294.9
"598",148.75,294.35
"599",147.1,293.6
"600",147.9,294.8
"601",144.7,290.7
"602",140.5,286.2
"603",136.5,283.1
"604",128.9,279.35
"605",129.4,278.6
"606",128.2,280.4
"607",127.25,283.45
"608",123.6,283.2
"609",99.5,294.3
"610",98.3,300.2
"611",94.6,301.5
"612",94.2,303.7
"613",95.05,305.95
"614",97.8,304.2
"615",103.2,286
"616",100.4,283.5
"617",100.9,283.9
"618",98.5,286.2
"619",101.55,286.65
"620",104.2,290.8
"621",113,296.3
"622",129.9,294.7
"623",397,281.35
"624",390.1,279.6
"625",388.4,278.1
"626",391,284.9
"627",386.1,280.4
"628",383.25,285.15
"629",478.5,281.2
"630",655.9,212.2
"631",651.1,220.9
"632",649.95,211.65
"633",652,208.2
"634",647.25,205.4
"635",379.9,292.3
"636",369.4,290.7
"637",371.5,288.9
"638",372.15,287.6
"639",371.7,282.5
"640",371.8,282.5
"641",378.85,279.2
"642",384.3,280.6
"643",374.4,298.6
"644",376.2,303
"645",376.9,301
"646",376.8,300.7
"647",381.3,298.7
"648",383.5,299.7
"649",382.7,300.9
"650",383.05,300.5
"651",387,295.6
"652",386.7,298.2
"653",391.4,303.6
"654",384.9,307.7
"655",385.2,306.45
"656",388.9,303.5
"657",389,305.6
"658",388.5,298.1
"659",389.1,294.25
"660",387.1,305
"661",386.7,309.5
"662",373.15,310.1
"663",355.2,321.9
"664",-999,495.3
"665",-999,-999
"666",-999,-999
"667",239.6,546.3
"668",377.15,230.6
"669",372.3,229.4
"670",369.7,249.6
"671",360.85,239.1
"672",353.8,233.7
"673",351,240.2
"674",328.15,264
"675",328.9,260.7
"676",328.9,270.6
"677",330.2,284.3
"678",334.6,293.9
"679",331.1,290.4
"680",457.15,268.55
"681",748.2,142.9
"682",736.65,144.3
"683",728.4,153.2
"684",721.7,155.75
"685",719.65,153.7
"686",714.75,156.75
"687",655.7,155.8
"688",656.8,160
"689",659.5,165.75
"690",659.5,169.65
"691",659.85,166.35
"692",659.5,168.85
"693",660.6,170.1
"694",662,170.2
"695",665.1,167
"696",666.1,173.8
"697",670.4,171.5
"698",674.6,179.25
"699",677.1,177
"700",678.15,174.75
"701",676.3,167.3
"702",678.4,168.7
"703",677.6,170.9
"704",679.3,177.05
"705",680,177.9
"706",681.6,179
"707",682.9,184.3
"708",684.7,184.7
"709",686.1,182.4
"710",690,188.2
"711",690.05,187.2
"712",689,186.3
"713",687.6,199.4
"714",686.85,208.35
"715",686.8,209.7
"716",688.2,201.4
"717",690.5,213.65
"718",688.9,215.2
"719",690,210.5
"720",692.65,214.8
"721",693.1,212.1
"722",683.9,212.3
"723",685.05,224.65
"724",683.8,213.3
"725",686.1,220.7
"726",686.9,214.8
"727",692,213.6
"728",726.5,223.1
"729",947.85,223.35
"730",943.1,226.3
"731",940,224.2
"732",938.75,227.15
"733",935.7,222.4
"734",935.3,227.4
"735",982.9,222
"736",982,224.1
"737",981.4,222.1
"738",981.45,222.2
"739",978.7,227.6
"740",983.8,227.2
"741",1221,162.1
"742",1217,166.7
"743",1216.2,166.2
"744",1211.85,169.95
"745",1212.3,163.1
"746",1211.1,162.2
"747",1208.55,165.5
"748",1209.7,162.5
"749",1209.6,163.3
"750",1210.9,154.55
"751",1210.8,160.7
"752",1213.4,157.3
"753",1211.8,161.1
"754",1212,164.1
"755",1210.9,165.6
"756",1210.5,165.25
"757",1207.1,164.6
"758",1177.9,168
"759",1151.55,178.5
"760",1154.3,174.1
"761",1154.1,180.9
"762",1156.2,181
"763",1161.6,177.9
"764",1161.7,177.4
"765",1196.4,179.6
"766",1197.6,185.65
"767",1196.8,193.3
"768",1167.55,197.8
"769",-999,-999
"770",-999,-999
"771",-999,-999
"772",1077.3,282.85
"773",1013.8,138.1
"774",993.05,186.9
"775",992.9,188.5
"776",990.9,199.3
"777",989.2,201.1
"778",991.25,194.35
"779",990.9,206.2
"780",917.85,208.55
"781",734.8,219.9
"782",728.6,219.8
"783",729.7,225.5
"784",731.1,227.25
"785",730.2,223.9
"786",728.1,228.9
"787",728.7,228.95
"788",726.5,229.2
"789",725.3,235.1
"790",725.2,231
"791",724.3,233.2
"792",722.5,242.5
"793",722.8,242.7
"794",722.3,245.9
"795",674.8,239.3
"796",675.95,243.6
"797",675.5,247.7
"798",670.7,240.8
"799",666.05,241.8
"800",665.7,244.4
"801",662.2,237.8
"802",662.5,237.2
"803",661.8,241
"804",663.6,244.8
"805",662.5,244.35
"806",662.1,234
"807",660.4,230.4
"808",659.9,229.6
"809",658.9,226.9
"810",663.9,227.5
"811",663.55,223.3
"812",666.2,228.5
"813",663.7,234.2
"814",664.4,233.35
"815",663.3,221.2
"816",667.7,221.7
"817",667.35,214.05
"818",670.7,209.2
"819",672.6,192.8
"820",670.6,174.55
"821",674.8,158.7
"822",676.1,147.9
"823",681.2,133.45
"824",685.3,130.2
"825",689.6,119
"826",688.7,106.05
"827",690.5,106.2
"828",730.8,97
"829",730.15,95.7
"830",730.2,98.9
"831",729.9,100
"832",728.65,99.15
"833",729.2,101.3
"834",732.1,108.4
"835",731.95,109.85
"836",733.8,101.3
"837",734.7,102.8
"838",734.75,104.95
"839",735.2,108.2
"840",735.4,110.2
"841",737.7,118.1
"842",737.7,134.1
"843",906.3,138
"844",-999,282.9
"845",-999,-999
"846",-999,-999
"847",1200.25,489.5
"848",1061.3,194.5
"849",1013.3,230.1
"850",915,218.8
"851",875.7,194
"852",872.5,188.4
"853",874,192.8
"854",867.6,198.6
"855",866.4,198.6
"856",864.4,198.15
"857",728.1,332.6
"858",726.2,344.8
"859",725.1,349.85
"860",724.6,349.5
"861",727.3,338.7
"862",758.4,101.95
"863",753.9,97.1
"864",749.7,105.7
"865",742.45,109.6
"866",741.2,105.5
"867",733.6,112.6
"868",729.45,106.8
"869",720.7,113.3
"870",715.3,114.6
"871",709.55,111.6
"872",703.4,114.7
"873",699,121.3
"874",698.25,119.95
"875",692.6,122.7
"876",691.6,124.2
"877",689.45,118.2
"878",688.8,119.2
"879",688.3,119.7
"880",687.6,112.2
"881",686.6,112.7
"882",684.2,124.05
"883",684.4,125.1
"884",640.35,126.3
"885",637.3,131.4
"886",640.3,129.1
"887",640.8,129.2
"888",644.1,140.3
"889",644.6,139.55
"890",670.4,131.8
"891",675.6,134
"892",676.1,130.75
"893",680.1,133.3
"894",679.15,127.8
"895",682.7,122.8
"896",683.8,116.3
"897",673.6,123.7
"898",537.8,227.9
"899",539.85,237.3
"900",540.3,238.8
"901",537.6,238.7
"902",541.9,242.3
"903",830.8,256
"904",823.9,259.8
"905",819,261.5
"906",816.1,263.5
"907",814.1,257.5
"908",810.65,260.4
"909",810.1,263.7
"910",862.7,249.4
"911",1004.35,158.95
"912",1002.4,159.7
"913",1001.6,161.3
"914",999,168.4
"915",964.5,184.65
"916",-999,-999
"917",-999,-999
"918",-999,-999
"919",1092.55,223.4
"920",1094.8,97.85
"921",1076.9,147.1
"922",1075.8,151.2
"923",1076.55,151.05
"924",1094.3,145.3
"925",1247.2,178.4
"926",1243.4,183.75
"927",1239.3,189.9
"928",1235.7,196.4
"929",1231.4,195.1
"930",1227.9,196.25
"931",1225.4,195.7
"932",1223.3,192
"933",1227.9,183.25
"934",1223,183.5
"935",1129.85,179.8
"936",1122.3,181.9
"937",1121.4,175.5
"938",1125.9,174.6
"939",1126.2,176.2
"940",1129.5,175.9
"941",1127.65,180
"942",1126.8,183.3
"943",1129.2,178.3
"944",1131.2,182
"945",1134.1,191.9
"946",1136.5,185.4
"947",1140.4,181.6
"948",1143.05,187.65
"949",1144.1,189.7
"950",1144.8,189.9
"951",1145.8,190.1
"952",1147.5,194.5
"953",1146.9,193.8
"954",1143.95,196.4
"955",1145.3,194.4
"956",1144.3,193
"957",1141.75,188.3
"958",1139,187.8
"959",1012.3,161.6
"960",922.25,151.05
"961",917.5,152.8
"962",917.7,154.9
"963",914.5,156.1
"964",914.1,156.7
"965",914.6,157.4
"966",912.35,151.3
"967",913.6,154.4
"968",909,157.1
"969",753.7,161.95
"970",680.5,171.1
"971",669.6,169.1
"972",663.45,168.35
"973",658,174.9
"974",657.4,172.9
"975",619.85,179.75
"976",622.8,179.6
"977",627.5,178.7
"978",634.15,182.55
"979",639.7,179.5
"980",643.1,178
"981",645.35,179.2
"982",650.8,175.8
"983",657,173.5
"984",658.5,173.6
"985",669.3,175.9
"986",673.5,168.6
"987",677.65,170.05
"988",685.2,171.9
"989",685.4,167.4
"990",692.6,165
"991",700.6,169.2
"992",710.8,170.7
"993",717.7,164.3
"994",727.1,167.3
"995",773.9,162.4
"996",778.65,155.65
"997",781.1,152.5
"998",785.7,151.9
"999",788.7,149.2
"1000",791.2,151.6
"1001",792.9,153.7
"1002",792.5,150.4
"1003",793.7,154.4
"1004",795.2,163.3
"1005",791.8,162.15
"1006",787.3,153.4
"1007",783.3,148.7
"1008",784.2,141.65
"1009",786.5,131
"1010",787.2,129.1
"1011",510.5,266.9
"1012",381.8,324.8
"1013",376.7,324.4
"1014",373.7,327.9
"1015",377,335.4
"1016",377.2,339.6
"1017",377.8,336
"1018",377.3,335.9
"1019",380.9,336.6
"1020",395.5,338.25
"1021",672.5,172.6
"1022",670.7,167.4
"1023",672.35,171.7
"1024",673.9,168.9
"1025",674.7,174.8
"1026",674.3,173.4
"1027",672.7,177.6
"1028",672.7,178.2
"1029",671.75,189.95
"1030",670.4,190.3
"1031",656.8,202.9
"1032",635.1,240.1
"1033",-999,-999
"1034",-999,-999
"1035",-999,-999
"1036",-999,279.6
"1037",740.5,16.8
"1038",735.35,68.55
"1039",719.2,111.3
"1040",717.8,116.5
"1041",721.5,109.95
"1042",724.3,109.1
"1043",730.1,104.6
"1044",737.2,97.3
"1045",742.5,92.2
"1046",743.1,90.9
"1047",741.9,95.1
"1048",738.7,188.7
"1049",729.2,210.1
"1050",727.3,202.45
"1051",724.7,197.7
"1052",718,201.5
"1053",716.1,189.5
"1054",710.2,194.4
"1055",722.7,132.3
"1056",720.4,130.65
"1057",718.9,134.5
"1058",719.3,139.9
"1059",719.5,139.05
"1060",719.3,134.4
"1061",718.6,135.4
"1062",763.55,149.45
"1063",990.8,256.1
"1064",986.6,252.6
"1065",980.2,253.25
"1066",832,217.4
"1067",807.6,197.3
"1068",803.75,194.9
"1069",804.3,193.3
"1070",751.9,113.7
"1071",749.15,100.45
"1072",749.2,107.1
"1073",753.2,109.9
"1074",755.8,101.05
"1075",756.6,102.9
"1076",755.6,106
"1077",758.2,103.5
"1078",756.5,95
"1079",758.9,101.7
"1080",760.45,96.8
"1081",759.4,94.8
"1082",759.1,94.2
"1083",759.9,99.35
"1084",752.7,175.3
"1085",753.3,176.4
"1086",752.75,180.3
"1087",753.8,184.4
"1088",752.8,183
"1089",750.05,161.3
"1090",755.6,87.4
"1091",752.7,85.5
"1092",746.7,76.85
"1093",744.4,72.3
"1094",737.1,80.7
"1095",731.9,77.7
"1096",728.4,79
"1097",724.85,76.95
"1098",720.6,82
"1099",715.1,80.7
"1100",713.1,77.8
"1101",709.1,76.75
"1102",709,73.7
"1103",705.35,73.6
"1104",699.8,68.1
"1105",695.3,72.5
"1106",677.4,71.7
"1107",662.4,84.3
"1108",658.8,85.5
"1109",657.55,87.05
"1110",654.1,93.4
"1111",651.2,93.7
"1112",650.65,93.7
"1113",647.2,96.7
"1114",644.7,95.8
"1115",644.25,106.65
"1116",642.4,112.7
"1117",638.9,118.8
"1118",620.7,142.8
"1119",653.15,129
"1120",-999,-999
"1121",-999,-999
"1122",-999,-999
"1123",690.6,141.9
"1124",707.6,-999
"1125",715.1,26.65
"1126",704.1,31.7
"1127",697.2,36.7
"1128",691.1,51.6
"1129",694,51.5
"1130",697.1,54.15
"1131",702,58.8
"1132",711.5,58.3
"1133",718.45,43.75
"1134",722.6,49.2
"1135",723.6,58.4
"1136",726.05,57.3
"1137",730.5,56.6
"1138",731.9,57.3
"1139",732.4,58.7
"1140",732.3,64.3
"1141",733.1,62.2
"1142",729.35,60
"1143",725.9,54.8
"1144",723.6,60.6
"1145",719.95,68.15
"1146",721,66.3
"1147",722.1,65
"1148",722.25,54.1
"1149",721.7,53.9
"1150",724.1,65.5
"1151",724.95,67.35
"1152",726.9,62.8
"1153",700.5,200.6
"1154",699.95,239.85
"1155",703,244
"1156",702.2,237
"1157",702.15,239.8
"1158",701.4,240.1
"1159",698.9,253.1
"1160",569,242.4
"1161",487.35,362.5
"1162",-999,-999
"1163",-999,-999
"1164",-999,553.8
"1165",152.85,466.2
"1166",246.95,150
"1167",239.9,161.2
"1168",239,170.2
"1169",237.25,172.25
"1170",230.8,179.6
"1171",257.2,198.6
"1172",373.15,218.7
"1173",382.8,223.6
"1174",380.9,224.3
"1175",383.2,220.1
"1176",387,207.8
"1177",398.4,208.3
"1178",401.3,216.45
"1179",397.3,231
"1180",380.7,243.2
"1181",368.2,247.5
"1182",365.3,246
"1183",370.6,258.3
"1184",366.45,251.45
"1185",365.8,252.4
"1186",367.1,254.7
"1187",470.8,288.45
"1188",641.7,319.6
"1189",641.8,310.4
"1190",644.15,318
"1191",652.5,311
"1192",653.9,317.6
"1193",656.15,300.05
"1194",657.5,294.3
"1195",657.6,301.8
"1196",659.15,331.6
"1197",662.7,334.3
"1198",665.1,323.6
"1199",663.1,339.3
"1200",615.1,403.7
"1201",619.6,411.1
"1202",617.95,397.95
"1203",625.1,388.3
"1204",621.3,402.3
"1205",621.1,393.25
"1206",621,386.5
"1207",623.4,411.6
"1208",625.25,402.45
"1209",625.5,399.1
"1210",626,399.5
"1211",618,385.6
"1212",619.5,394
"1213",620.3,399.1
"1214",617.3,383.65
"1215",618.6,386.2
"1216",617.5,403.5
"1217",611.35,394.75
"1218",572.9,400.2
"1219",312.7,691
"1220",-999,-999
"1221",-999,-999
"1222",-999,-999
"1223",-999,-999
"1224",590.8,270.2
"1225",644.9,190.6
"1226",652.3,270.95
"1227",650.3,271.2
"1228",652.1,291.7
"1229",647.3,290
"1230",705.9,279.2
"1231",981.4,250.9
"1232",1009.5,254.85
"1233",1006.6,252.4
"1234",1012.9,230.3
"1235",1012.25,235.55
"1236",945.6,269.2
"1237",709.4,328.9
"1238",700.4,352.35
"1239",703.1,332.7
"1240",706.3,341.4
"1241",1068.8,319.4
"1242",-999,334.5
"1243",-999,327.1
"1244",-999,325.7
"1245",-999,331.2
"1246",-999,331.7
"1247",-999,329.2
"1248",1272.6,296.8
"1249",1263.9,292
"1250",1252.8,296.45
"1251",1247.4,295.4
"1252",1244.6,302.7
"1253",1248,303.5
"1254",1249.6,302.6
"1255",1258.3,296.3
"1256",1264.7,295.8
"1257",1261.2,309.7
"1258",1261.6,326
"1259",1233.6,334.85
"1260",1161.1,339.1
"1261",-999,-999
"1262",-999,-999
"1263",-999,-999
"1264",-999,-999
"1265",835.35,119.95
"1266",731.3,41
"1267",702.4,111.1
"1268",694.85,117
"1269",692.8,121
"1270",725,95
"1271",737.25,92.85
"1272",739.9,100.4
"1273",750.5,70.1
"1274",751,68.25
"1275",751,68.6
"1276",749,72.3
"1277",747.95,58.9
"1278",734.8,35.7
"1279",730.5,22
"1280",726.95,20.05
"1281",722.7,21.5
"1282",719,24.3
"1283",717.05,18.85
"1284",714.8,19.8
"1285",713.9,36.1
"1286",713,37.8
"1287",715,35.1
"1288",715.4,31.4
"1289",717.95,27.75
"1290",719.3,30.7
"1291",719.1,46.5
"1292",714.15,48.65
"1293",712.9,56.2
"1294",668.7,172.4
"1295",672.55,168.9
"1296",672.2,171.5
"1297",675.1,174.8
"1298",675.35,165.95
"1299",673.7,165.7
"1300",674.8,162.3
"1301",709.05,91.3
"1302",707.6,85.3
"1303",704.1,95
"1304",702.35,98.7
"1305",698.4,95.7
"1306",699.35,98.1
"1307",697.4,92.9
"1308",653,41.4
"1309",647.8,40.7
"1310",644.5,44.15
"1311",644.2,37.4
"1312",642.1,41.15
"1313",645.6,51.6
"1314",608.2,45.3
"1315",607.9,36.75
"1316",608.3,42.2
"1317",603.2,43.7
"1318",607.45,50.8
"1319",605.3,49
"1320",604.1,51.2
"1321",601.05,73.9
"1322",561.7,92.9
"1323",-999,-999
"1324",-999,-999
"1325",-999,-999
"1326",597.4,187.55
"1327",654,-999
"1328",668.9,-999
"1329",662.3,-999
"1330",646.7,-999
"1331",641.5,2.9
"1332",642.3,6.35
"1333",646.65,4.75
"1334",653.3,3.3
"1335",677,52
"1336",699.1,173.7
"1337",701,188.6
"1338",697.5,191.4
"1339",698.45,188.4
"1340",701,193
"1341",701.9,203.9
"1342",705.15,204.75
"1343",703.2,210.7
"1344",699.8,200.2
"1345",753.25,248.7
"1346",807.1,292.9
"1347",805.1,302.3
"1348",805.1,298.3
"1349",805.8,297.1
"1350",806,290.7
"1351",812.8,298.25
"1352",813,296.8
"1353",812.6,305.9
"1354",810.9,300.9
"1355",816.2,273.9
"1356",818.9,281.4
"1357",821.45,272.65
"1358",823.9,279.2
"1359",825.1,278.3
"1360",824.65,284.65
"1361",825.4,285.7
"1362",818.6,289.8
"1363",758.1,294.1
"1364",758.7,294.6
"1365",758,299.8
"1366",757.9,296.35
"1367",752.8,302.3
"1368",753.8,302
"1369",756.25,288.9
"1370",758,286.3
"1371",758.4,285.8
"1372",753.3,256.2
"1373",741.4,205.4
"1374",740.9,213.4
"1375",740.75,229.2
"1376",739.8,221.3
"1377",738.9,206.9
"1378",739.95,222.85
"1379",740.7,201
"1380",762.1,203.5
"1381",786.75,189.1
"1382",785.1,197.5
"1383",783.1,192.6
"1384",779.15,219.35
"1385",781.3,217.1
"1386",783.5,209.5
"1387",779.9,203.65
"1388",776.4,217.4
"1389",780.8,223.4
"1390",781.3,214.6
"1391",784.4,204.2
"1392",786.5,195.4
"1393",784.15,198.2
"1394",783.9,209.7
"1395",790.3,198.6
"1396",794.75,195.15
"1397",795,195.3
"1398",794.1,215.3
"1399",795.65,207
"1400",799.7,209.4
"1401",801.7,228.8
"1402",807.1,218.55
"1403",808,236.6
"1404",810.7,224.7
"1405",808.15,198.85
"1406",804,196.1
"1407",806.8,195.4
"1408",808.85,209.15
"1409",807.1,208
"1410",808,218.4
"1411",805.4,240
"1412",776.6,254
"1413",-999,215.8
"1414",-999,-999
"1415",-999,-999
"1416",-999,-999
"1417",-999,165.1
"1418",861.5,42.05
"1419",824.1,50.5
"1420",821.65,61.4
"1421",819.4,87.4
"1422",830.2,92.4
"1423",865.4,89.65
"1424",865.2,92.5
"1425",859,96.2
"1426",856.4,90.15
"1427",849.4,117.4
"1428",795.9,145.1
"1429",791.35,133.5
"1430",790.8,129.1
"1431",786.8,133.7
"1432",781.35,135.9
"1433",726.2,131.1
"1434",649.6,147.1
"1435",645.7,130.6
"1436",644,134.2
"1437",637.3,142
"1438",638.65,151.05
"1439",636.5,147.3
"1440",636.4,144.8
"1441",677.5,106.75
"1442",677.8,103.3
"1443",677.2,111
"1444",676.25,117.35
"1445",676.5,118.1
"1446",674.7,122.7
"1447",563.35,201.45
"1448",519.6,239.7
"1449",519.1,253.9
"1450",519.95,244.4
"1451",523.4,254.5
"1452",526.8,249.2
"1453",528.95,250.6
"1454",349.7,257.2
"1455",342.6,258
"1456",346.1,262.8
"1457",346.8,269.6
"1458",348.2,263.4
"1459",344.4,258.9
"1460",351.3,268.4
"1461",353.7,276.6
"1462",347.75,273.35
"1463",347,272.7
"1464",349.6,268.1
"1465",351.7,267.85
"1466",353.8,275.7
"1467",352.2,271
"1468",352.65,278.95
"1469",353,277.6
"1470",354,279.8
"1471",356.2,276.95
"1472",353.8,272.5
"1473",351.9,268.8
"1474",349.75,271.8
"1475",349.8,274.5
"1476",353.6,271.7
"1477",355.45,268.5
"1478",351.9,262.3
"1479",351.8,255
"1480",352.4,249.3
"1481",358.5,242
"1482",360,234.8
"1483",321.4,238.85
"1484",279.2,241.4
"1485",278.9,246.1
"1486",283.4,257.2
"1487",288.6,261.2
"1488",288.8,260.1
"1489",293.55,267.85
"1490",293,267.8
"1491",276.7,255.6
"1492",280.3,257.45
"1493",280.1,261.7
"1494",281.2,265.8
"1495",281.25,268.05
"1496",280.3,270
"1497",287.4,273.1
"1498",310.85,271.7
"1499",306.4,266.5
"1500",305.6,270.3
"1501",311.75,273.65
"1502",312.1,276.9
"1503",314.2,278
"1504",545.95,246.5
"1505",633.1,209.4
"1506",620.9,210
"1507",619.85,214.75
"1508",617.7,218.7
"1509",616.3,219.05
"1510",856.5,210.2
"1511",932.4,178.7
"1512",923.05,180.9
"1513",923.9,185.9
"1514",925.9,182.8
"1515",922.4,182.95
"1516",927,183.5
"1517",998.4,167.6
"1518",994.7,168.6
"1519",992.4,171.4
"1520",993.4,168.4
"1521",989.8,168.2
"1522",988.2,164.6
"1523",987.9,165.4
"1524",986.1,166.3
"1525",929.6,147.1
"1526",707.9,94.8
"1527",698.5,107.2
"1528",696.2,111.3
"1529",694.7,109
"1530",691.2,109.2
"1531",683,102.7
"1532",681.3,106.4
"1533",1091.15,102.7
"1534",1172.1,101
"1535",1168.1,100.3
"1536",1169.35,98.95
"1537",1170.3,93.6
"1538",1248.9,111.7
"1539",1265.35,114.1
"1540",1264.6,114.4
"1541",1261.4,118.4
"1542",1262,113.85
"1543",1256.9,115.2
"1544",1257.5,111.7
"1545",1254.4,114.15
"1546",1254,114.4
"1547",1253.8,113.3
"1548",1017.15,128.15
"1549",707.7,152.8
"1550",693.9,152.5
"1551",690.85,173.9
"1552",687.1,187.2
"1553",685.5,191.1
"1554",602.35,202.75
"1555",305.7,261
"1556",288.7,257.2
"1557",293.6,255.85
"1558",294.8,257.5
"1559",294.9,258.2
"1560",293.7,254.65
"1561",263.6,281.2
"1562",258.9,276.3
"1563",260.6,279.1
"1564",256,272.8
"1565",255.6,273.2
"1566",286.65,273.25
"1567",282.8,272.3
"1568",284.1,274.2
"1569",282.75,273.2
"1570",282.3,264.8
"1571",286,267.7
"1572",288.45,261.7
"1573",288,259.8
"1574",290.7,261
"1575",290.25,258.75
"1576",295.1,266.3
"1577",293.2,270.9
"1578",293.45,270.55
"1579",290,269.8
"1580",292.3,269.9
"1581",295.45,274.3
"1582",293.4,273.3
"1583",297.7,274.1
"1584",272.6,278.6
"1585",272.4,279.5
"1586",273.4,283.6
"1587",269.1,293.95
"1588",268.5,291.3
"1589",269.9,283.1
"1590",273.7,275.3
"1591",273.5,276.2
"1592",277.9,275.2
"1593",284.55,273.25
"1594",286.9,272
"1595",286.2,274.6
"1596",284.85,272.35
"1597",284.8,273.1
"1598",289.6,275.9
"1599",287,286.5
"1600",283.5,294.1
"1601",277.5,309.9
"1602",390.5,469.8
"1603",-999,-999
"1604",-999,-999
"1605",342.45,175.25
"1606",314.8,192.8
"1607",309.9,215.8
"1608",313.4,230.6
"1609",317.4,223
"1610",321.8,220.6
"1611",356,205.2
"1612",356.5,202.4
"1613",358.7,202
"1614",360.1,204.55
"1615",358.9,204.5
"1616",357.7,204.7
"1617",358.15,206.6
"1618",355,202.5
"1619",356.2,202.4
"1620",355.35,205.5
"1621",352.2,205.5
"1622",349.9,204.4
"1623",349.8,208.95
"1624",351,209.9
"1625",347.4,218.8
"1626",348.05,215.6
"1627",346.5,214.6
"1628",348,212.4
"1629",347.2,213.6
"1630",345.7,216.9
"1631",345,217.3
"1632",344.25,219.4
"1633",342.1,221.2
"1634",338.8,220.7
"1635",335.45,221.15
"1636",334.8,222.2
"1637",332.9,221.9
"1638",331.9,220.3
"1639",332,221
"1640",326.9,219.1
"1641",323.8,223.35
"1642",319.3,227.1
"1643",317.8,244.9
"1644",318.35,262.3
"1645",319.9,271.8
"1646",323,284.8
"1647",322.15,288.35
"1648",325.4,298.3
"1649",324.5,297.4
"1650",327,302.2
"1651",328.1,306.4
"1652",330.3,317.9
"1653",333.6,318.5
"1654",339.3,329.7
"1655",329.6,347.4
"1656",346.3,338.8
"1657",-999,-999
"1658",-999,-999
"1659",-999,-999
"1660",780.1,208.6
"1661",708.1,146
"1662",701.9,212.15
"1663",699.1,228.4
"1664",691.7,229.7
"1665",685.6,224.25
"1666",686.5,222.8
"1667",683.1,226.9
"1668",682,226.15
"1669",681.7,226.2
"1670",682.8,234.3
"1671",680.2,236
"1672",681.75,233.65
"1673",682.5,244.2
"1674",683.5,243
"1675",681,245.7
"1676",698.3,224.6
"1677",713,179.7
"1678",706.9,181.9
"1679",703.6,183.3
"1680",703.8,180.1
"1681",705.7,178.5
"1682",704.7,179.4
"1683",703.9,178.55
"1684",666,142
"1685",664.9,140.6
"1686",665,148.6
"1687",663.5,145.95
"1688",663.9,145.9
"1689",659.7,145.5
"1690",664.75,143.75
"1691",662.6,141.7
"1692",664,125
"1693",698.45,127.85
"1694",1000.9,156.8
"1695",1003.1,148.4
"1696",1007.1,129.9
"1697",1008.3,126.8
"1698",1006.95,137.55
"1699",1016,133.9
"1700",1015.1,143.4
"1701",980.8,157.7
"1702",977.45,171.05
"1703",976.7,175
"1704",981.6,178.2
"1705",982.5,181.3
"1706",983.6,181.65
"1707",983.85,187.2
"1708",963.65,189.6
"1709",652.6,130.3
"1710",628.4,128.45
"1711",626.7,130.4
"1712",626.4,135.4
"1713",623.9,134.8
"1714",559.7,110.9
"1715",546.3,101.4
"1716",544.55,103.25
"1717",544.3,103.3
"1718",542.9,106.1
"1719",540.7,108.2
"1720",540.4,105
"1721",539.65,108.3
"1722",541,109.2
"1723",542.4,112.9
"1724",542.95,111.05
"1725",540.3,110.8
"1726",541.6,108.6
"1727",542.1,105.1
"1728",541.2,99.8
"1729",550.1,100.6
"1730",582.6,92.55
"1731",580.1,96.4
"1732",578.8,100.9
"1733",594.45,108.2
"1734",706.4,145.4
"1735",700.8,150.1
"1736",698.7,152.1
"1737",695.4,157.5
"1738",691.1,172.3
"1739",694.55,159.35
"1740",771.9,324.8
"1741",-999,-999
"1742",-999,-999
"1743",-999,-999
"1744",-999,-999
"1745",1089.95,206
"1746",1011.2,165
"1747",1007.7,194.1
"1748",1008.45,182.85
"1749",1009,183.1
"1750",1005.4,182.8
"1751",1005.75,178.05
"1752",1008.2,186.3
"1753",1014.3,173.5
"1754",1018.55,168.55
"1755",1018.6,175.6
"1756",1017.2,180.1
"1757",1015.6,181.8
"1758",1014.4,185.4
"1759",1014.3,184.9
"1760",1014.05,184.65
"1761",1015.8,187.4
"1762",1015.9,194.5
"1763",1013.7,198.7
"1764",1012.6,199.2
"1765",1009.4,195.9
"1766",1007.85,193.4
"1767",1011,195.4
"1768",1011.7,188
"1769",989.95,184.3
"1770",968.6,182.2
"1771",968.2,180.1
"1772",971.75,179.65
"1773",971.3,181.7
"1774",971.7,178.4
"1775",976.15,169.75
"1776",979.2,170.8
"1777",990.7,176
"1778",1003.35,174.45
"1779",1011.7,172.2
"1780",1009.4,181.5
"1781",1007.8,187.25
"1782",1007.4,188.7
"1783",1007.9,188.5
"1784",1008.8,187.65
"1785",1008,186.7
"1786",1009.3,183.7
"1787",1007.9,189
"1788",1008.1,183.4
"1789",1009.6,180.3
"1790",1009.75,186.15
"1791",1008.6,183.5
"1792",1008.3,184.5
"1793",1007.65,179.55
"1794",1007.1,180.7
"1795",1008.2,185.8
"1796",1008.3,194.15
"1797",1010,192.2
"1798",1007.2,185.6
"1799",1002.4,190.2
"1800",1002.7,192.1
"1801",1003.9,191.5
"1802",1004.6,188.3
"1803",1005,198.2
"1804",1005.1,198.3
"1805",1006.05,197.3
"1806",1006,199.3
"1807",1007.1,200.9
"1808",1006.7,199.4
"1809",1007.2,200.5
"1810",1007.1,201.1
"1811",997.4,204.55
"1812",1000,202.7
"1813",1001,198.9
"1814",1000.1,199.6
"1815",1000.25,193.4
"1816",999.9,191.2
"1817",997.65,196.55
"1818",995.6,197
"1819",994,191.1
"1820",993.6,191.3
"1821",987.1,188.7
"1822",797.8,159.7
"1823",793.35,159.45
"1824",794,168.4
"1825",792.9,167.8
"1826",794.3,162.75
"1827",795.4,166.2
"1828",840.7,177.3
"1829",1003.9,212
"1830",1000.2,212
"1831",1002.4,208.4
"1832",1003.2,210.05
"1833",1002.2,204.4
"1834",1003.2,204.3
"1835",1001.05,211.65
"1836",1003.4,201.3
"1837",981.9,211.9
"1838",978.15,212.65
"1839",978.4,212
"1840",982.5,208.8
"1841",979.95,217.8
"1842",981.3,226.2
"1843",977.9,235.3
"1844",962.3,262.25
"1845",936.5,292.8
"1846",-999,-999
"1847",-999,-999
"1848",-999,-999
"1849",1010.45,254.1
"1850",967.75,182.55
"1851",980.5,171.2
"1852",982.4,182.6
"1853",975.8,205.3
"1854",972.5,211.9
"1855",967.8,236.5
"1856",962.2,251.1
"1857",962,234.7
"1858",962.3,229.9
"1859",961,230.6
"1860",956.6,239.9
"1861",957.4,250.7
"1862",959.9,248.2
"1863",962.55,238.55
"1864",964.8,253.8
"1865",965.2,268.8
"1866",966.75,262.3
"1867",970.3,250.5
"1868",981.2,252.9
"1869",1002.95,252.65
"1870",998.1,257.4
"1871",990.1,258.4
"1872",989.9,246
"1873",991.3,240.7
"1874",994.2,240.6
"1875",996.95,242.2
"1876",978.9,238.1
"1877",978.2,237.6
"1878",980.45,235.35
"1879",984.2,230.9
"1880",990.3,225.5
"1881",991.2,223.35
"1882",992.1,223
"1883",992.3,222
"1884",997.25,213.2
"1885",998,214.9
"1886",999.3,211.5
"1887",999.9,207.75
"1888",999.6,206.9
"1889",996,203.3
"1890",992.6,205.5
"1891",990.4,203.5
"1892",989.8,200.9
"1893",990.1,201.2
"1894",985.3,203.5
"1895",983.8,209.1
"1896",978.85,212.55
"1897",978.2,215
"1898",970.6,210.5
"1899",670.1,178.05
"1900",628.65,177.85
"1901",628.1,178.8
"1902",626.65,178.35
"1903",623.5,180.4
"1904",623.5,187.7
"1905",622.75,190.9
"1906",623.35,190.75
"1907",624.1,188.6
"1908",623.7,188.05
"1909",622,186.3
"1910",619.35,189.75
"1911",617.85,183.45
"1912",592.6,126.3
"1913",587,74.5
"1914",584.4,84.1
"1915",581.65,94.85
"1916",578.1,98.1
"1917",577.9,97.9
"1918",577.2,97.95
"1919",575,92.2
"1920",574.6,97.2
"1921",575.55,100.15
"1922",574.3,103
"1923",575.1,101.1
"1924",576.2,102.65
"1925",584.3,101.2
"1926",734.9,184.9
"1927",732.85,190.95
"1928",730.9,191.1
"1929",732.2,180.1
"1930",733,182.1
"1931",731.3,172.6
"1932",595.5,106.9
"1933",590.85,100.45
"1934",589.6,101.7
"1935",589.4,105.2
"1936",587.7,98.7
"1937",584.6,103.25
"1938",585.6,99.4
"1939",583.8,95.25
"1940",583.3,91.3
"1941",581.3,86.5
"1942",579.2,90.3
"1943",578.9,90.5
"1944",575.1,90.2
"1945",576.4,87.95
"1946",575,84.6
"1947",575.7,86.9
"1948",577.55,85.45
"1949",578.8,90.5
"1950",942.3,204.7
"1951",1000.45,240.25
"1952",996.8,236.5
"1953",1000.8,237.6
"1954",1005.1,236.15
"1955",1005.7,243.2
"1956",969.7,265.7
"1957",984.4,366.45
"1958",-999,-999
"1959",-999,-999
"1960",1015.2,129.1
"1961",977.2,130.65
"1962",974.4,149.3
"1963",972.05,148.85
"1964",965,151.9
"1965",963.8,159.9
"1966",958.3,163.35
"1967",956.2,157.9
"1968",951.2,166.4
"1969",915.1,166
"1970",915.25,169.2
"1971",918.7,164.7
"1972",923.1,167.2
"1973",925.4,173
"1974",938.4,179.4
"1975",939.4,181.2
"1976",940.65,181.45
"1977",942.2,183.7
"1978",948.15,183
"1979",948.3,176.7
"1980",948.8,176.5
"1981",948.6,172.5
"1982",948.15,171.1
"1983",952.4,170.4
"1984",954.9,169.7
"1985",954.9,171.05
"1986",953.4,177
"1987",953.6,178.85
"1988",955.9,174.3
"1989",930.3,209.5
"1990",932.3,206.5
"1991",931,210.15
"1992",932.2,214.3
"1993",935.3,207.7
"1994",933.95,208.05
"1995",932.3,209.8
"1996",933.6,205.9
"1997",936.5,209.55
"1998",935.8,211.6
"1999",949.1,186.3
"2000",955.85,175.05
"2001",956.2,175.5
"2002",956.1,169.2
"2003",959.1,165.35
"2004",961.5,172.3
"2005",791.1,123.2
"2006",624.85,81.35
"2007",617.7,80.9
"2008",616,78.9
"2009",617.25,89.05
"2010",614.8,87.7
"2011",613.2,82.8
"2012",612.65,85.1
"2013",605.7,79.5
"2014",565.6,48.8
"2015",564.65,45.45
"2016",561.3,44.9
"2017",557.7,50.1
"2018",558,46.9
"2019",555.9,49.5
"2020",552.1,46
"2021",550.25,44.3
"2022",550.3,48.3
"2023",550.1,55.7
"2024",691.2,130.55
"2025",1022.8,211.4
"2026",1019.4,221.3
"2027",1014.3,226.7
"2028",1018.2,214.4
"2029",1015,214.6
"2030",1013.35,215.85
"2031",1013.4,207.8
"2032",971.6,232.9
"2033",957.7,247.95
"2034",953,246.4
"2035",951.4,248.7
"2036",953.5,245.15
"2037",951.8,249.2
"2038",952.6,251
"2039",955.1,245.3
"2040",952.3,246.3
"2041",951.7,244.2
"2042",947.3,236
"2043",938.4,239.1
"2044",927.4,237.2
"2045",932.9,236.5
"2046",950.6,219
"2047",947.7,214.5
"2048",943.55,214.25
"2049",934.9,221.3
"2050",927.5,222.1
"2051",920,226.6
"2052",912.6,222.6
"2053",904.3,223.2
"2054",893.3,232.85
"2055",882.6,237.3
"2056",875.2,231.1
"2057",867.3,232.1
"2058",840.1,235.1
"2059",805.1,238.9
"2060",797.3,241.05
"2061",793.6,240.4
"2062",794.1,240.6
"2063",794.3,246
"2064",795.4,243.8
"2065",795.6,241.6
"2066",795.15,241.7
"2067",801,236.8
"2068",801.2,238.6
"2069",797.9,241.55
"2070",796.6,241.2
"2071",795.1,242.5
"2072",795.45,244.5
"2073",799.1,244.4
"2074",816.2,236
"2075",813.05,237.7
"2076",813.4,242.7
"2077",814,248.6
"2078",814.75,254.4
"2079",818.6,254.7
"2080",816.8,256.2
"2081",813.45,252.45
"2082",810.5,255.5
"2083",810.5,250.6
"2084",815.9,252.75
"2085",815.8,252.4
"2086",816.9,251.7
"2087",821.15,245.65
"2088",823.5,253.5
"2089",824.5,245
"2090",825.4,246.5
"2091",825.6,253.5
"2092",829.5,246
"2093",831.95,247.25
"2094",830.3,252.7
"2095",829.3,252.1
"2096",827.55,252.4
"2097",828,247.1
"2098",832.5,247.1
"2099",832.95,244.85
"2100",811.6,265.9
"2101",806,273
"2102",802.95,276.25
"2103",805.2,274.4
"2104",805.8,276.7
"2105",808.55,274.8
"2106",807.9,272.9
"2107",795.8,279.1
"2108",794.1,287.2
"2109",794.6,273.9
"2110",796.2,274
"2111",798.95,276.3
"2112",797.1,278.5
"2113",796.6,278.7
"2114",803.15,271.15
"2115",800.7,271.8
"2116",805.1,270.2
"2117",804.65,272.95
"2118",803.4,275.4
"2119",802.85,268.85
"2120",802,267.4
"2121",800.5,271.6
"2122",766.8,292.5
"2123",762.5,293.5
"2124",765.45,295
"2125",771,287.9
"2126",775.7,292
"2127",777.9,286.4
"2128",642.4,164.5
"2129",582.7,110
"2130",577.1,107.5
"2131",575.4,108.55
"2132",576.8,115
"2133",579.65,122.75
"2134",579,113.6
"2135",581,117.6
"2136",584.3,109.4
"2137",584.7,113.5
"2138",582.2,112.6
"2139",581.3,110.35
"2140",581.7,112.8
"2141",579.5,107.3
"2142",580.6,109.2
"2143",581.7,117.8
"2144",579.8,119.4
"2145",580,123.8
"2146",580.1,126.8
"2147",580.4,121.6
"2148",579.4,123.35
"2149",577.5,130
"2150",576,122.8
"2151",578.7,121.9
"2152",792.05,196.05
"2153",884.8,218
"2154",885.7,214
"2155",892.95,206.4
"2156",899.3,212.3
"2157",907.7,209.85
"2158",936.7,214
"2159",948.9,215.7
"2160",949.5,214.7
"2161",950.35,221
"2162",955.5,213.9
"2163",956.8,219.6
"2164",962.4,220.75
"2165",954.6,228.9
"2166",945.85,224.5
"2167",945.3,220.4
"2168",945,224.7
"2169",947.3,230
"2170",956.6,226.45
"2171",958.7,232
"2172",957.4,237.1
"2173",981.8,224.65
"2174",983.9,222
"2175",987,220.5
"2176",993,220.4
"2177",992.6,220.6
"2178",989,219.3
"2179",993,211.7
"2180",993.1,224.9
"2181",993.4,213.9
"2182",994.2,219
"2183",996.3,213
"2184",995.1,209.9
"2185",994.15,212.1
"2186",995.5,207
"2187",996.9,211.2
"2188",974.55,216.6
"2189",977.6,204.9
"2190",975.3,207.5
"2191",974.7,216.6
"2192",975.1,212.7
"2193",974.5,214.8
"2194",973.25,216.65
"2195",971.9,221
"2196",974.8,214.4
"2197",973.95,217.35
"2198",967.9,227.9
"2199",965.4,229.5
"2200",966.65,224.25
"2201",967.9,230
"2202",943.8,262.5
"2203",944.55,257.55
"2204",944.9,248.2
"2205",944.7,247.8
"2206",939.6,259.5
"2207",943.3,246.6
"2208",970.8,220.9
"2209",973.65,207
"2210",978.8,198.4
"2211",977.5,199.2
"2212",977.5,194.95
"2213",972.3,199.9
"2214",971.4,191.1
"2215",970.3,191.15
"2216",963.1,180.3
"2217",963.3,176
"2218",962.45,182.55
"2219",961,183.1
"2220",957.5,187.7
"2221",955.7,186.1
"2222",955.1,185.8
"2223",929.9,172.7
"2224",571.05,134.8
"2225",541.3,134.3
"2226",538.6,132.7
"2227",538.3,117.1
"2228",535.2,130.2
"2229",533.2,120.5
"2230",483.7,39.8
"2231",486.7,36
"2232",486.6,40.3
"2233",487.2,43.05
"2234",487.4,41.6
"2235",489.6,42.6
"2236",491.55,44.85
"2237",493.9,46.1
"2238",495.7,48.9
"2239",496.1,56.75
"2240",492.2,92.5
"2241",464,108.1
"2242",491.2,109.45
"2243",520.7,265.2
"2244",-999,-999
"2245",-999,-999
"2246",-999,-999
"2247",-999,-999
"2248",1134,163.1
"2249",1020.1,113.05
"2250",1012.8,92.2
"2251",1009.85,100.5
"2252",1013.1,103.7
"2253",1007.6,113.1
"2254",1007.05,121.9
"2255",1006.1,135.5
"2256",1008.8,149
"2257",1007.45,146.85
"2258",1005.5,149.4
"2259",1004,148.1
"2260",1000.85,149.4
"2261",998.9,152
"2262",1000.2,149.4
"2263",999.85,151.85
"2264",1007.2,146.8
"2265",1010.5,148.7
"2266",1006.55,149.4
"2267",1007.4,149
"2268",1002.3,162.8
"2269",999.7,155.35
"2270",996.1,148.9
"2271",991.5,159.3
"2272",992.95,156.5
"2273",987.4,155.8
"2274",985.5,157.1
"2275",986.15,154.15
"2276",981.6,161.1
"2277",952.3,181.9
"2278",946,180.4
"2279",945.9,171
"2280",950.9,168.4
"2281",949.75,169.15
"2282",943.4,182.4
"2283",941.9,170.6
"2284",945.2,167.25
"2285",947.9,165.1
"2286",946,164.7
"2287",938.75,174.45
"2288",941.3,171.9
"2289",939.8,177.3
"2290",937.55,176.6
"2291",930.7,182.7
"2292",936.4,173.7
"2293",935.7,169.1
"2294",934.6,175.4
"2295",932.2,183
"2296",933.35,178.6
"2297",932.5,180.4
"2298",932.6,169
"2299",929.6,172.35
"2300",931.2,161.8
"2301",928.8,175.4
"2302",925.05,174.4
"2303",919.9,170.3
"2304",921.5,161.1
"2305",921.45,163.95
"2306",920.9,163.1
"2307",923.6,154.7
"2308",924.2,144.9
"2309",931.3,158
"2310",930.8,160.7
"2311",932.5,154.15
"2312",930.4,161.5
"2313",929.4,162.5
"2314",930.4,153.4
"2315",929.8,163.3
"2316",931.3,154.45
"2317",932,159.9
"2318",897,217.5
"2319",863.95,250.4
"2320",-999,-999
"2321",-999,-999
"2322",-999,-999
"2323",1089.4,178.05
"2324",1006.4,41.9
"2325",1007.4,92.85
"2326",1008.1,94.6
"2327",999.7,104.5
"2328",998.75,102
"2329",1002.8,104.7
"2330",1006.9,117.3
"2331",1008.75,114.5
"2332",1012.1,119
"2333",1019.8,110.4
"2334",1020.9,101.35
"2335",1020.6,105.5
"2336",1019.6,104.8
"2337",668.35,40.1
"2338",501.2,-999
"2339",491.8,-999
"2340",491.65,-999
"2341",487.5,-999
"2342",490.2,-999
"2343",488.95,-999
"2344",490.3,-999
"2345",469.3,-999
"2346",468.6,-999
"2347",467.1,-999
"2348",467.2,-999
"2349",467,-999
"2350",471.1,-999
"2351",473.6,-999
"2352",478.05,-999
"2353",478.1,-999
"2354",477.8,-999
"2355",477.3,-999
"2356",477.1,-999
"2357",478,-999
"2358",477.05,-999
"2359",475.3,-999
"2360",475.6,-999
"2361",475.2,-999
"2362",473.7,-999
"2363",471.7,4.6
"2364",471.65,16.6
"2365",468.9,25.1
"2366",465,27.2
"2367",467.7,24.95
"2368",460.5,48.5
"2369",474.1,72.3
"2370",-999,-999
"2371",-999,-999
"2372",-999,-999
"2373",-999,-999
"2374",516.1,72.7
"2375",505.2,22.15
"2376",455.1,32.05
"2377",443.8,5.5
"2378",411.1,21.3
"2379",413.95,42.05
"2380",413.4,51.4
"2381",106.7,140.7
"2382",9.5,167.45
"2383",6.6,163.3
"2384",10.1,160.3
"2385",16.1,159.15
"2386",14.2,162.3
"2387",27.2,169.3
"2388",33,179.2
"2389",34.9,185.5
"2390",34,186.3
"2391",35.35,189.2
"2392",37.2,193.9
"2393",35.8,203.9
"2394",33.1,204.8
"2395",23.3,184.8
"2396",22.4,178.7
"2397",13.6,179.4
"2398",11.3,183
"2399",8.4,192.2
"2400",11.95,200.7
"2401",15,209.6
"2402",594.1,188
"2403",916.7,153.15
"2404",914.6,136.5
"2405",913.9,136.9
"2406",908.7,141.9
"2407",906.2,146.3
"2408",903,124.1
"2409",902.65,126.45
"2410",909,132.1
"2411",960.1,126.3
"2412",961.6,144.8
"2413",958.1,159.3
"2414",957.8,157.2
"2415",962.65,150.45
"2416",963.3,155.5
"2417",969.2,149.6
"2418",975.75,148.35
"2419",973.4,154.4
"2420",971.6,157.3
"2421",972.85,155.45
"2422",973,160.9
"2423",976.3,169.3
"2424",974.15,165.45
"2425",973.8,165.2
"2426",976.9,166.7
"2427",981,164.6
"2428",843,162.2
"2429",710.3,185.3
"2430",702.45,173.9
"2431",702.4,173.5
"2432",702.9,191.2
"2433",701.9,191.8
"2434",701.5,186.3
"2435",672.8,157.9
"2436",672.2,158.2
"2437",671.5,160.9
"2438",668.9,156.7
"2439",669.7,169.95
"2440",669.2,176.8
"2441",669.4,162.2
"2442",669.95,175.5
"2443",671.9,172.2
"2444",671.5,154.9
"2445",672.45,157.2
"2446",673.6,153.3
"2447",674.7,154
"2448",676.7,139.05
"2449",679.3,146.3
"2450",708.1,142
"2451",1225.85,107.35
"2452",1264.3,125.7
"2453",1264.6,111.2
"2454",1252.75,121.55
"2455",1254.7,116.7
"2456",1257.8,108.3
"2457",1245.95,131.5
"2458",1243.9,131.4
"2459",1239.4,139.6
"2460",1244.65,125.65
"2461",1243.8,129.9
"2462",1241.8,130
"2463",1241.05,129.4
"2464",1240.4,130.6
"2465",1243.8,125.5
"2466",1229.4,128.4
"2467",1224.6,129.1
"2468",1228.6,117.4
"2469",1228.5,117.3
"2470",1221.8,127.3
"2471",1221.9,123.5
"2472",1222.8,115.35
"2473",1220.5,112.8
"2474",1221.9,109.4
"2475",1223.65,107.95
"2476",1224.1,107.7
"2477",1087.2,121.3
"2478",985.7,133.25
"2479",991.2,113.4
"2480",995.6,116
"2481",989.9,137.8
"2482",986.4,142.8
"2483",807.2,138.1
"2484",544.35,122.7
"2485",533.3,110.6
"2486",528,124.3
"2487",523.2,121.2
"2488",456.6,71.6
"2489",447.3,68.5
"2490",451.15,79.4
"2491",449.3,71.5
"2492",447.3,65.7
"2493",449.05,67.15
"2494",449.7,68.3
"2495",722.2,121.9
"2496",1186.65,145.35
"2497",1189.6,146.2
"2498",1186.2,148.6
"2499",1183.85,147.6
"2500",1182.8,147
"2501",1187.1,135.7
"2502",1196.1,130.7
"2503",1227,129.3
"2504",1225.4,133
"2505",1220.65,139.7
"2506",1220,143.7
"2507",1213.4,147.9
"2508",1213.15,138.5
"2509",1218.9,132.4
"2510",1215.4,147.5
"2511",1220.85,140.25
"2512",1219.6,147.6
"2513",1226.5,139.6
"2514",1225.85,141.85
"2515",1223.4,141.7
"2516",1225.8,138.7
"2517",1160.65,138.5
"2518",1104.8,151.7
"2519",1098.9,156.7
"2520",1100.3,154.35
"2521",1098.1,156.1
"2522",1097.3,154.2
"2523",1099.2,150.3
"2524",1101.7,150
"2525",1067,161.8
"2526",1069.95,157.35
"2527",1063.2,169.8
"2528",1061.7,174.3
"2529",1064.3,171.05
"2530",1061.8,184.7
"2531",1064,181.7
"2532",1066.3,174.75
"2533",1061.9,182.9
"2534",1058.7,184.8
"2535",1059.6,186.45
"2536",1059.5,196.5
"2537",1060.9,192.8
"2538",1064.85,188.35
"2539",1061.1,196.7
"2540",1066.7,201.8
"2541",1066.15,201.75
"2542",1068,212.9
"2543",1071.8,207.4
"2544",1030.15,218.8
"2545",766.3,232.4
"2546",749.3,232.55
"2547",743.9,231.9
"2548",742.4,230.9
"2549",740.6,232
"2550",740.5,245.2
"2551",743.1,239.4
"2552",743.8,237
"2553",740.3,234.3
"2554",736.9,230.8
"2555",733.4,249.3
"2556",732.3,246
"2557",729.4,236.2
"2558",727.1,233.95
"2559",722.4,242.4
"2560",729.1,242.4
"2561",729.1,227.2
"2562",731,236.9
"2563",730.4,235.9
"2564",642.9,283.2
"2565",642.5,275.4
"2566",644.6,272.3
"2567",638.3,269.4
"2568",634.9,262.6
"2569",636.5,268.6
"2570",636.4,268.4
"2571",632.75,268.8
"2572",636.5,275.2
"2573",638.2,276.4
"2574",640.3,272.5
"2575",638.1,269.7
"2576",637.1,268.1
"2577",634.35,268.65
"2578",634.3,278.7
"2579",638.5,279.9
"2580",636.35,284.2
"2581",634.4,283.5
"2582",630,279.2
"2583",631.25,280.05
"2584",632.1,281.4
"2585",636.7,281.7
"2586",636,273.45
"2587",635.4,271.4
"2588",639.2,269.1
"2589",640.65,257.45
"2590",642.6,248.5
"2591",642,231.1
"2592",643.25,214.45
"2593",416.6,286.5
"2594",396.7,289.2
"2595",393.3,269.75
"2596",393.4,253.2
"2597",394.4,247.9
"2598",274.35,244.3
"2599",265.5,231.1
"2600",259.1,227.3
"2601",254.7,221.7
"2602",253.2,218.9
"2603",257.4,220.2
"2604",268.6,218.2
"2605",642.4,83
"2606",640.7,69.8
"2607",650.95,83.05
"2608",652.1,103
"2609",654.7,103.3
"2610",659.1,103.65
"2611",660.5,99.6
"2612",662.8,111.8
"2613",664,91.5
"2614",661.9,86.4
"2615",663.7,90.1
"2616",661.6,94.85
"2617",660.5,91.2
"2618",660.2,92.4
"2619",664.45,87.2
"2620",663.2,100.2
"2621",725.9,112.9
"2622",730.85,102.7
"2623",732.4,117.7
"2624",732.4,111.6
"2625",1051.3,146.2
"2626",1184.6,168.7
"2627",1184.3,167.3
"2628",1184.75,164.8
"2629",1182.8,170.9
"2630",1178.1,178.3
"2631",1176,175.45
"2632",1179,174.1
"2633",1163.4,182.2
"2634",1151,196.45
"2635",1153.6,201.7
"2636",1151.4,206.9
"2637",1150.75,196.9
"2638",1152.6,200.8
"2639",1142.8,212.8
"2640",1150.65,214.05
"2641",1152.6,205.6
"2642",1148.3,213.2
"2643",1150.75,211.7
"2644",1151.8,203.6
"2645",1151,204.6
"2646",1145.85,209.2
"2647",1143.7,216.6
"2648",1140.9,223.7
"2649",1141.5,215.35
"2650",1135.8,216.9
"2651",1132.6,219
"2652",1136.4,214.8
"2653",1136.7,214.7
"2654",1134.5,214.3
"2655",1135.6,211.75
"2656",1137.3,205.3
"2657",1135.7,218.1
"2658",1133.45,212.2
"2659",1139.5,209.3
"2660",1135.3,213.9
"2661",1141.55,221.95
"2662",1141.2,221.4
"2663",1143.3,224.2
"2664",1146.1,215.9
"2665",1142.7,215
"2666",1142.4,223
"2667",1147.6,216.35
"2668",1145,220
"2669",1143,218
"2670",1142.5,218.25
"2671",1144.1,223.5
"2672",1146,216.2
"2673",1147.5,214.55
"2674",1145.2,216
"2675",1148.2,209.8
"2676",1147.5,208.2
"2677",1142.7,211.5
"2678",1085.7,197.1
"2679",749.9,152.15
"2680",687.8,144.5
"2681",681.9,156.2
"2682",683.15,147.95
"2683",680.3,153.6
"2684",320.7,211.7
"2685",257,228
"2686",249.5,225.5
"2687",246.3,225.6
"2688",245.9,225.1
"2689",246.5,223.1
"2690",250.6,221.4
"2691",251.5,223.75
"2692",248.7,221.3
"2693",248.8,217.7
"2694",245.85,218.2
"2695",241.4,216.5
"2696",237.4,215
"2697",238.65,216.7
"2698",233.1,216.3
"2699",234.1,220.4
"2700",236.85,228.8
"2701",239.8,228.3
"2702",239.5,234.2
"2703",234,238.75
"2704",237.4,240.3
"2705",234.2,245.6
"2706",241.2,258.2
"2707",243.9,260.4
"2708",239.3,263.8
"2709",237.15,254.55
"2710",235.9,253.5
"2711",234.1,250
"2712",234.95,254.95
"2713",238.1,243.5
"2714",239.3,245
"2715",246.35,251
"2716",246.6,252.2
"2717",295.3,259.1
"2718",945.15,247.6
"2719",1151.3,234
"2720",1142.1,222.7
"2721",1137.7,233.05
"2722",1140.8,209.9
"2723",1138.3,213.3
"2724",1137.15,207.15
"2725",1069.4,222.9
"2726",1067.7,213
"2727",1063.1,233.6
"2728",1071.6,217.2
"2729",1074,219.5
"2730",1074.9,213
"2731",1077.5,204.5
"2732",1083.2,199.5
"2733",1084.1,205.25
"2734",1085.7,212.8
"2735",1097.5,204.8
"2736",1098.2,210.65
"2737",1095.5,219.8
"2738",1109.2,198.1
"2739",1109.75,209.5
"2740",1124.6,190.9
"2741",1131.6,175.2
"2742",1130.45,177.2
"2743",1141.8,172.7
"2744",1153.4,167.4
"2745",1147.6,177.6
"2746",1154.4,172.7
"2747",1157,172.4
"2748",1152.45,187.85
"2749",1155.6,185.2
"2750",1122.4,202.4
"2751",1119.9,203.25
"2752",1116.6,215.9
"2753",1124.7,204.3
"2754",1118.85,217.55
"2755",1121.4,220.4
"2756",1141.7,205.2
"2757",1150.85,197.45
"2758",1154.8,198.2
"2759",1152.7,197.75
"2760",1150.2,199.3
"2761",1147.7,201.5
"2762",1148,202.3
"2763",1145.35,208.85
"2764",1124.5,232.7
"2765",1125.75,240.8
"2766",1125.1,243.2
"2767",1124.1,239.1
"2768",1130.15,227.2
"2769",1128.5,235.3
"2770",1128,229.8
"2771",1127.15,236.5
"2772",1123.1,241.1
"2773",1141,214.5
"2774",1146.4,204.75
"2775",1143.9,205.4
"2776",1143.8,207.1
"2777",1139.55,214.9
"2778",1142.2,215.5
"2779",1140,209.5
"2780",1114.25,204.2
"2781",1122.2,185.2
"2782",1135.8,168.9
"2783",1136.7,163.15
"2784",1138.6,166.3
"2785",1137.4,171.4
"2786",1137.4,171.6
"2787",1140.6,166.7
"2788",1140.8,160.2
"2789",1139.3,169.75
"2790",1140.5,161.4
"2791",1137.5,170.3
"2792",1130.35,182
"2793",1131.5,173.6
"2794",1094.9,174.8
"2795",1095.55,183.45
"2796",1095.1,179.2
"2797",1097.5,174.6
"2798",1100.25,179.9
"2799",1100,187
"2800",1096.2,191.4
"2801",1098.55,194.5
"2802",1108.9,182
"2803",1107.5,187.2
"2804",1110.6,179
"2805",1111.5,188.7
"2806",1108.7,197.9
"2807",1143.7,179
"2808",1145.9,173
"2809",1135.2,184.1
"2810",1128.2,188.35
"2811",1120.6,197.4
"2812",1119,201.3
"2813",1117.55,205.45
"2814",1114.2,211.2
"2815",1110.6,209
"2816",1102.75,222.3
"2817",1100,219.7
"2818",1099.2,217.2
"2819",1097.15,216.55
"2820",1092.5,223.3
"2821",1091.4,224.8
"2822",1094.9,221.05
"2823",1053.9,270
"2824",1055.9,277.2
"2825",1054.7,281.4
"2826",1053.1,280.9
"2827",1055.7,280.1
"2828",1054.6,281.9
"2829",1060.8,285.8
"2830",1065.1,306.3
"2831",1064.8,307
"2832",1064.9,306.9
"2833",1064.4,306.6
"2834",1067.5,302.3
"2835",1063.7,302.8
"2836",1065.1,318.1
"2837",1020.35,305.65
"2838",732.8,230.9
"2839",729.2,214.7
"2840",725.45,223.65
"2841",725.4,224.9
"2842",728.9,224.8
"2843",733.45,218.4
"2844",733.8,210.5
"2845",738.1,209
"2846",790.95,212.9
"2847",1113.5,247.3
"2848",1110,251.3
"2849",1105.15,251.45
"2850",1105.2,257.9
"2851",1109.9,257.1
"2852",1111.6,253.8
"2853",1112,247.9
"2854",1105.2,248.8
"2855",1081.85,263.1
"2856",1077.3,273.7
"2857",1085.9,274.7
"2858",1085.45,284.25
"2859",1085.5,274.9
"2860",1096.7,264.5
"2861",1095.5,264.6
"2862",1094.8,266.9
"2863",1104.9,262.4
"2864",1105.65,263.95
"2865",1103.2,268.3
"2866",1107.5,266.4
"2867",1106.2,266.8
"2868",1107.1,268.8
"2869",1107.7,268
"2870",1103.95,277.65
"2871",1105.2,279.6
"2872",1105.3,279.9
"2873",1102.85,283.25
"2874",1105.9,280.1
"2875",1110,281
"2876",1113.75,275.65
"2877",1113.3,270.1
"2878",1119.2,252.1
"2879",1089.95,281.9
"2880",1092.6,287.4
"2881",1086.4,279.6
"2882",858.9,178.25
"2883",833.6,186
"2884",822,193
"2885",819.55,188.25
"2886",817.6,193.9
"2887",832,192.1
"2888",1080.5,241.5
"2889",1077.7,243.8
"2890",1083.3,240.5
"2891",1080.5,241.1
"2892",1081.7,237.5
"2893",1081.4,242.4
"2894",1080.15,244.45
"2895",1079.7,242.2
"2896",1037,254.6
"2897",1032.7,265.3
"2898",1029.4,275.2
"2899",1033.9,267
"2900",1035.35,271.8
"2901",1034.3,274.4
"2902",1031.4,277.7
"2903",1031.3,276.3
"2904",1036,268.6
"2905",1038.7,273.4
"2906",1044.25,269.55
"2907",1051.2,270.6
"2908",1051.9,265.9
"2909",1064.6,259.65
"2910",1071.6,252
"2911",1070.8,262.2
"2912",1083.65,246.9
"2913",1083.8,245.1
"2914",1098.2,199.3
"2915",1097.35,203.25
"2916",1101.5,204.6
"2917",1097.5,219
"2918",1099.1,226.6
"2919",1101.4,221.6
"2920",1101.2,217.2
"2921",1096.55,230.1
"2922",1096.7,225.8
"2923",1098.2,228.5
"2924",1101.4,222.45
"2925",1099.3,233
"2926",1095.8,234.9
"2927",1091.65,239.15
"2928",1075,248.4
"2929",1077.6,256
"2930",1076.5,257.2
"2931",1074.7,259
"2932",1070.6,262.9
"2933",1078.15,251.9
"2934",1075.3,262.6
"2935",1081.5,251.3
"2936",1078.05,257.05
"2937",1083.5,247.4
"2938",1077.8,251.5
"2939",1080.45,247.3
"2940",1085,240.4
"2941",1085.2,242.6
"2942",1084.8,244.9
"2943",1086.2,260.5
"2944",1055.7,326.8
"2945",1064.2,320.85
"2946",1060,318.8
"2947",1055.8,334.4
"2948",1062.8,319.15
"2949",1062.1,323.6
"2950",1066.4,313.4
"2951",1064.4,312.9
"2952",1068.5,309.7
"2953",1069.5,312.9
"2954",1074.45,309.65
"2955",1048.6,332.3
"2956",1029,393.1
"2957",1027.4,403.95
"2958",1037.7,497
"2959",1039.4,496.4
"2960",1040.3,500.35
"2961",1044.5,487.7
"2962",1050,485.8
"2963",1047,502.9
"2964",1056.5,512.8
"2965",1020.4,499.7
"2966",689.05,452.85
"2967",388.1,521.4
"2968",-999,-999
"2969",-999,-999
"2970",-999,-999
"2971",-999,-999
"2972",101.4,560
"2973",169.9,276.7
"2974",207.3,313
"2975",216.2,312.75
"2976",221,317.1
"2977",208.2,316.9
"2978",207.1,317.35
"2979",210.9,311.4
"2980",225.4,311.5
"2981",292.7,211.1
"2982",294,221.6
"2983",293.1,223.9
"2984",302.85,239.05
"2985",301.1,237.3
"2986",315.5,135.9
"2987",317.1,143.1
"2988",315.9,147.1
"2989",416.4,120.9
"2990",767.2,30.3
"2991",764.8,50.8
"2992",762,50.7
"2993",767.2,47.35
"2994",768.7,51.7
"2995",770.6,55.2
"2996",771.9,50.9
"2997",772.2,64.1
"2998",774.4,63.9
"2999",772.9,68.95
"3000",773,66.7
"3001",770.2,72.8
"3002",1078.3,67.25
"3003",1140.4,109.9
"3004",1137.3,111.3
"3005",1132.5,117.05
"3006",1130.5,120.8
"3007",1132,117.3
"3008",1129.8,116.75
"3009",1129.7,119.9
"3010",1125,129.1
"3011",1124.45,150.85
"3012",1123.4,143.2
"3013",1121.8,146.7
"3014",1121.8,145.25
"3015",1119.4,148.7
"3016",1118.3,150.4
"3017",1116.6,158.65
"3018",1121,156.2
"3019",1119.9,160.3
"3020",1117.05,167.4
"3021",1118.3,162.2
"3022",1117.9,159.4
"3023",1115.55,164.5
"3024",940.4,164.3
"3025",758.3,163.9
"3026",745.4,165.6
"3027",741.3,168.5
"3028",741.4,173.2
"3029",739.25,168.5
"3030",740.6,164.6
"3031",738.4,165
"3032",736.7,154
"3033",735.1,155.1
"3034",741.9,159.8
"3035",779.2,164.8
"3036",1043.5,181.6
"3037",1040.8,178.2
"3038",1037.55,184.45
"3039",1037.4,181
"3040",1035.7,184.1
"3041",1038.2,177.15
"3042",1036.3,181.4
"3043",1031.8,184.7
"3044",1031.2,186.05
"3045",1036.7,184.3
"3046",1059.5,197
"3047",1082.2,206.75
"3048",1085.6,206.1
"3049",1097,202.4
"3050",1100.05,211.25
"3051",1104,207.6
"3052",1107.2,204
"3053",1110.05,198.15
"3054",1107.5,197.2
"3055",1107.2,205.7
"3056",1108.3,196.95
"3057",1114.1,184.1
"3058",1108.7,187.1
"3059",1108.55,183.95
"3060",1110.4,187.6
"3061",1116.6,180.7
"3062",1111.65,190.9
"3063",1117.2,182.3
"3064",1111.6,188.7
"3065",1112.7,187.35
"3066",1115.2,180.5
"3067",1109.4,192.5
"3068",1115.15,183.45
"3069",1120.2,177
"3070",1119.8,176.4
"3071",1113.7,180.3
"3072",1121,177.4
"3073",1122.9,174.7
"3074",1123.45,179.45
"3075",1124.7,181.5
"3076",1126,181.4
"3077",1128.6,174.8
"3078",1106.7,191.8
"3079",1100.1,197.2
"3080",1105.15,187.45
"3081",1105,177.3
"3082",1109.4,181.2
"3083",1107.9,182.85
"3084",1114.6,162.1
"3085",1109.6,183.4
"3086",1108.1,186.7
"3087",1107.1,172
"3088",1105.9,183.6
"3089",1103.5,184
"3090",1102.5,177.1
"3091",1102.2,182
"3092",1100.85,187
"3093",1107.5,180.5
"3094",1106.9,180.6
"3095",1106.8,194
"3096",1106.5,189.7
"3097",1105.55,188.55
"3098",1107.7,184
"3099",1106,192.3
"3100",1105.15,206.3
"3101",1098.3,225.2
"3102",1012.25,260.15
"3103",-999,-999
"3104",-999,-999
"3105",-999,-999
"3106",1199.05,157.8
"3107",1195.8,51.4
"3108",1198.8,34.7
"3109",1197.25,44.75
"3110",1190.9,51
"3111",1198.4,50.6
"3112",1191.2,77.5
"3113",1198.1,98.3
"3114",929.4,106.1
"3115",772.95,122.85
"3116",-999,-999
"3117",-999,-999
"3118",-999,-999
"3119",-999,-999
"3120",867.3,-999
"3121",817.3,-999
"3122",821,-999
"3123",821.9,-999
"3124",804.55,-999
"3125",779,15.4
"3126",774,32.7
"3127",764.7,44.8
"3128",769.7,47.2
"3129",773,47.6
"3130",766.25,58.95
"3131",762.6,70.1
"3132",761.7,86.8
"3133",754.4,77.25
"3134",749.9,70.8
"3135",752.2,67.8
"3136",749.5,88.4
"3137",750.1,107.8
"3138",746.9,94.3
"3139",745,89.55
"3140",744,93.3
"3141",831,125.8
"3142",988.05,272.35
"3143",983.9,275.4
"3144",981.2,275.2
"3145",984.05,260.5
"3146",986.2,263.4
"3147",981,278.5
"3148",984.45,282.35
"3149",824.9,274.5
"3150",393.1,291.4
"3151",374.4,299.25
"3152",372.3,293.7
"3153",373.4,290.4
"3154",375,299.6
"3155",373.1,288.8
"3156",381.5,292.2
"3157",380.15,295.25
"3158",383.5,295.6
"3159",376.1,289.8
"3160",351.55,277.4
"3161",349.9,281.6
"3162",354.3,287.9
"3163",351.6,287.05
"3164",347,277.9
"3165",354.4,274.6
"3166",360.25,271.1
"3167",366.5,275.5
"3168",365.5,269.4
"3169",368.35,267.5
"3170",369.5,267.5
"3171",369.5,263.2
"3172",371.1,260.4
"3173",366.2,262.7
"3174",371.5,269.2
"3175",371,263.9
"3176",367,256.9
"3177",371,253.6
"3178",367.65,243.75
"3179",388.3,254
"3180",401.9,269
"3181",405.95,270.45
"3182",403.9,266.2
"3183",407.6,271.8
"3184",408.1,269.8
"3185",410.2,270.3
"3186",410.7,271
"3187",403.55,266
"3188",389.8,258.9
"3189",244.9,244
"3190",235.25,245.15
"3191",227.3,247
"3192",210.4,244.8
"3193",209.4,248.6
"3194",194.7,243.9
"3195",199.3,244.9
"3196",216.5,251.2
"3197",235.7,269.6
"3198",237.9,269.3
"3199",241.45,271.15
"3200",245.5,271.4
"3201",401.8,323.5
"3202",813.15,373
"3203",801,367.9
"3204",793.3,369.2
"3205",795.2,352.65
"3206",790.3,363
"3207",792.1,355.3
"3208",632.65,329.9
"3209",438.2,301.3
"3210",430.1,303.4
"3211",429.15,306
"3212",424.1,306.8
"3213",423.2,306.5
"3214",426,307
"3215",425.6,306
"3216",425,310.1
"3217",425.75,304.1
"3218",423.7,305.1
"3219",426.1,303.3
"3220",402.8,293.4
"3221",404.5,298.6
"3222",404.2,292
"3223",407.8,296.4
"3224",406.5,297.1
"3225",405.1,294
"3226",398.55,296.2
"3227",399.8,296.7
"3228",397.4,302.9
"3229",395.15,306.9
"3230",383.1,308.6
"3231",376.2,302.4
"3232",369.1,309.75
"3233",368.3,309.1
"3234",368.4,304.7
"3235",372.9,313.35
"3236",367.5,307.9
"3237",366.7,302.9
"3238",366.55,306.7
"3239",370.6,301.7
"3240",375.1,306.4
"3241",371.95,304
"3242",375.5,309.7
"3243",373.1,300
"3244",374.05,295.65
"3245",371.9,293.2
"3246",381,292
"3247",382.55,292
"3248",406.4,291.4
"3249",407.2,282.1
"3250",406.95,283.8
"3251",409.6,290.4
"3252",408.9,287.6
"3253",408.3,286.35
"3254",407.4,289.9
"3255",410.8,295.6
"3256",411.45,301.6
"3257",395.8,308.3
"3258",536.7,263.55
"3259",-999,-999
"3260",-999,-999
"3261",-999,-999
"3262",503.7,252.6
"3263",595.4,51.2
"3264",591.8,127.5
"3265",580.15,122.4
"3266",564.1,126.3
"3267",545.2,159.3
"3268",538.6,181.35
"3269",532.4,174.1
"3270",530.9,181.7
"3271",533.9,186.05
"3272",534.3,186.4
"3273",536.35,192.85
"3274",537.3,197.6
"3275",534.8,201.5
"3276",545.5,156.6
"3277",547.35,172
"3278",541.7,182
"3279",531.4,174.15
"3280",412.4,206.8
"3281",379.1,206.1
"3282",377.4,219.8
"3283",384.6,219
"3284",383.1,211.1
"3285",392.5,218.4
"3286",391.5,204.2
"3287",395,212.6
"3288",383.7,202.7
"3289",381.4,197.5
"3290",383,210.1
"3291",390.4,213.7
"3292",417.1,208
"3293",420,212.6
"3294",422.8,215.55
"3295",417.9,212.7
"3296",420,209
"3297",422.8,214
"3298",421.4,204.7
"3299",451.5,200.4
"3300",857.95,146.45
"3301",967.5,118
"3302",971,115.6
"3303",966.15,139.95
"3304",969.6,139.2
"3305",969.8,130.5
"3306",973.25,111.8
"3307",963.1,148.8
"3308",1009.5,135.9
"3309",1006.45,138.3
"3310",1014.3,133.4
"3311",1012.4,133.3
"3312",1003.85,143.3
"3313",1012.5,129.3
"3314",1011.8,116.2
"3315",1014.05,115.3
"3316",1013.2,129.7
"3317",1008,147.7
"3318",1003.45,146.55
"3319",1004.8,139.2
"3320",829.3,158.3
"3321",455.65,208.95
"3322",431.4,215.4
"3323",435.6,221.3
"3324",435.1,213.2
"3325",428.7,216.3
"3326",434.4,212.9
"3327",430.25,222.25
"3328",431,228.8
"3329",423.6,224.7
"3330",383.45,233.7
"3331",382.4,238.4
"3332",375.6,233.1
"3333",450.4,239.95
"3334",657.1,193
"3335",680.2,171.5
"3336",665.6,193.75
"3337",663.9,193.1
"3338",666.3,188.9
"3339",670.2,163.75
"3340",648.4,124.3
"3341",651.3,127
"3342",659.85,110.4
"3343",655.5,132.6
"3344",656.9,128.1
"3345",622.55,135.7
"3346",584,143.9
"3347",577.8,143
"3348",577.75,142.3
"3349",573.8,142
"3350",571.6,152.8
"3351",537.65,172.1
"3352",536,172.4
"3353",533.7,174.9
"3354",525.95,188.5
"3355",509.8,204.3
"3356",-999,-999
"3357",-999,-999
"3358",-999,-999
"3359",-999,-999
"3360",-999,-999
"3361",508.4,-999
"3362",509.1,13.9
"3363",514.3,17.95
"3364",510.3,21.6
"3365",492.3,47.3
"3366",480.6,73.55
"3367",472.9,85.8
"3368",471.7,93.7
"3369",467.6,91.05
"3370",472.2,103.1
"3371",606.1,104.9
"3372",599.25,118.4
"3373",603,122.6
"3374",607.1,132.9
"3375",604.9,140.9
"3376",585.6,209.5
"3377",586.4,299
"3378",588.65,294.45
"3379",589.1,292
"3380",592.8,288.3
"3381",592.75,295.05
"3382",594,302.3
"3383",600.5,300
"3384",602.05,305.85
"3385",600.7,307.4
"3386",597.7,310.8
"3387",643.6,304
"3388",642.3,300.6
"3389",640.8,303
"3390",639.95,307.5
"3391",639.6,309.3
"3392",639.6,305.5
"3393",635.7,294.9
"3394",637,289.8
"3395",645.2,275.4
"3396",650.5,259.25
"3397",653,249.9
"3398",655,246
"3399",752.55,225.1
"3400",753.9,213.6
"3401",755.2,205.1
"3402",757.25,209.8
"3403",757.6,211
"3404",722.8,211.2
"3405",269,274
"3406",222.6,294.7
"3407",222.9,295.4
"3408",232.05,296.35
"3409",226.7,293.8
"3410",230.9,298.4
"3411",232.9,297.7
"3412",234.1,298.4
"3413",226.7,310.1
"3414",225.35,305.45
"3415",223,304
"3416",228.7,307.1
"3417",226.3,305.65
"3418",248.6,312
"3419",248.4,312.7
"3420",244.55,310.95
"3421",238.3,306
"3422",237.4,310.2
"3423",243.9,313.45
"3424",781,267.7
"3425",1106.8,203.1
"3426",1097.5,208.2
"3427",1089.8,212
"3428",1087.3,208.1
"3429",1092.45,201.25
"3430",1087.4,198.6
"3431",1086.8,201.7
"3432",1088.45,196.1
"3433",1085.6,199.2
"3434",751,219.4
"3435",721.05,226.05
"3436",719.6,235
"3437",722,239.7
"3438",719.2,244.15
"3439",721.2,246.9
"3440",593.4,238.5
"3441",533.7,240.55
"3442",530.8,240.3
"3443",530.4,236.9
"3444",534.3,231.35
"3445",535.3,227.5
"3446",535.2,232.5
"3447",537.2,241.85
"3448",537.4,238.2
"3449",541.4,242
"3450",545.1,239.6
"3451",545.9,241.9
"3452",550,240.7
"3453",545.05,240.25
"3454",543.4,242.5
"3455",539.8,224
"3456",539,223
"3457",534.1,225.5
"3458",530.4,225.1
"3459",527.1,217.8
"3460",527.3,218.2
"3461",527.5,218.6
"3462",530,212.55
"3463",530.1,209.7
"3464",527.8,199.4
"3465",527.45,204.9
"3466",528.1,210.6
"3467",526,205.7
"3468",529.4,202.4
"3469",533.8,212.2
"3470",533.1,208.3
"3471",692.95,225.95
"3472",693,224.5
"3473",695.3,233.9
"3474",692.05,232.4
"3475",690.8,227
"3476",692.8,233.1
"3477",753.55,234.8
"3478",757.4,234.3
"3479",763.5,219.7
"3480",764.75,226.85
"3481",765.8,224.3
"3482",768,217.7
"3483",773,221.1
"3484",774,216.5
"3485",776.45,220.6
"3486",812.9,209.4
"3487",1212.5,146.1
"3488",1210.1,139.4
"3489",1205.1,139.4
"3490",1204.2,135.7
"3491",1201.15,134.9
"3492",1199.2,138.9
"3493",1194.9,133.5
"3494",1201.25,122.15
"3495",1186.5,132.5
"3496",1189.8,134.2
"3497",1187.5,134.05
"3498",1187,132.6
"3499",1186.3,132.9
"3500",1160.05,140.4
"3501",1153.2,144.6
"3502",1153.4,138.4
"3503",1152.1,141.5
"3504",1155.3,143.6
"3505",1154.3,152.7
"3506",1153.4,171.35
"3507",1161.3,146.4
"3508",1162.3,135.3
"3509",1162.45,121.55
"3510",1164.4,120.3
"3511",1168.6,114.6
"3512",1175.5,102.25
"3513",1175,100.6
"3514",1171.9,108.7
"3515",1170,109.8
"3516",1176.5,108.3
"3517",1178.2,108.1
"3518",1176.3,114.3
"3519",1174.7,124.4
"3520",1173.9,136.1
"3521",945.65,180.5
"3522",364.3,210.3
"3523",134.65,645.3
"3524",233.2,534.1
"3525",197.9,248.1
"3526",205.4,269.6
"3527",214.7,273.9
"3528",210,271.2
"3529",221.5,276.5
"3530",222.45,278.45
"3531",223.2,277.1
"3532",219.9,275.7
"3533",226.05,296.75
"3534",239.1,301.3
"3535",254,293.8
"3536",255.45,304.3
"3537",260,303.2
"3538",250.6,305.2
"3539",252.65,302.75
"3540",247.8,294.7
"3541",238.2,304.7
"3542",222.1,304.85
"3543",220,299.5
"3544",215.9,303.2
"3545",214,303.05
"3546",215.5,304.5
"3547",282.7,309.2
"3548",547.35,233.65
"3549",542,223.9
"3550",553.5,222.1
"3551",532.1,223.85
"3552",616.1,221.8
"3553",734.9,213.6
"3554",739.7,205.05
"3555",743.3,207
"3556",746.8,187.5
"3557",751.95,184.4
"3558",756.5,177.6
"3559",753.2,176.7
"3560",756.1,184.05
"3561",761.7,179.6
"3562",761,180.4
"3563",761.6,195.45
"3564",761.7,196.2
"3565",757.4,197.6
"3566",757.95,198.2
"3567",759.5,203.7
"3568",757.7,208.9
"3569",756.2,199.05
"3570",758.7,210.3
"3571",760.9,218.5
"3572",762.1,224.85
"3573",764.9,228.3
"3574",772,228.2
"3575",774.35,227.45
"3576",778.2,-999
"3577",-999,-999
"3578",768,206.5
"3579",761,197.8
"3580",760.5,204.4
"3581",756.65,196.5
"3582",755.7,190.6
"3583",754.1,194.4
"3584",756.3,189.45
"3585",755.6,194.2
"3586",755.4,193.5
"3587",760.25,184.85
"3588",759.6,202.3
"3589",760.9,205.7
"3590",763.45,192.1
"3591",760.2,210
"3592",765.7,214.8
"3593",765.75,206.35
"3594",775.7,209.1
"3595",783,207.5
"3596",785.9,208.9
"3597",785,214.9
"3598",783.9,212
"3599",786.75,204.15
"3600",790.7,207.7
